solid hemisphere
  facet normal 0.04906710133949175 0.0048326876695947586 0.9987837927679986
    outer loop
      vertex 0.0 0.0 1.0
      vertex 0.0980171403295606 0.0 0.9951847266721969
      vertex 0.09613376846245088 0.01912219546999401 0.9951847266721969
    endloop
  endfacet
  facet normal 0.0 0.0 0.0
    outer loop
      vertex 0.0 0.0 1.0
      vertex 0.09613376846245088 0.01912219546999401 0.9951847266721969
      vertex 0.0 0.0 1.0
    endloop
  endfacet
  facet normal 0.047181480152162524 0.014312345531844123 0.9987837927679984
    outer loop
      vertex 0.0 0.0 1.0
      vertex 0.09613376846245088 0.01912219546999401 0.9951847266721969
      vertex 0.09055602978576764 0.03750953569192692 0.9951847266721969
    endloop
  endfacet
  facet normal 0.0 0.0 0.0
    outer loop
      vertex 0.0 0.0 1.0
      vertex 0.09055602978576764 0.03750953569192692 0.9951847266721969
      vertex 0.0 0.0 1.0
    endloop
  endfacet
  facet normal 0.04348270114226461 0.023241987981760654 0.9987837927679986
    outer loop
      vertex 0.0 0.0 1.0
      vertex 0.09055602978576764 0.03750953569192692 0.9951847266721969
      vertex 0.08149827366882392 0.05445540549280903 0.9951847266721969
    endloop
  endfacet
  facet normal 0.0 0.0 0.0
    outer loop
      vertex 0.0 0.0 1.0
      vertex 0.08149827366882392 0.05445540549280903 0.9951847266721969
      vertex 0.0 0.0 1.0
    endloop
  endfacet
  facet normal 0.03811290631284919 0.03127845386779508 0.9987837927679986
    outer loop
      vertex 0.0 0.0 1.0
      vertex 0.08149827366882392 0.05445540549280903 0.9951847266721969
      vertex 0.06930858459954574 0.06930858459954573 0.9951847266721969
    endloop
  endfacet
  facet normal 0.0 0.0 0.0
    outer loop
      vertex 0.0 0.0 1.0
      vertex 0.06930858459954574 0.06930858459954573 0.9951847266721969
      vertex 0.0 0.0 1.0
    endloop
  endfacet
  facet normal 0.03127845386779512 0.03811290631284919 0.9987837927679986
    outer loop
      vertex 0.0 0.0 1.0
      vertex 0.06930858459954574 0.06930858459954573 0.9951847266721969
      vertex 0.05445540549280904 0.08149827366882392 0.9951847266721969
    endloop
  endfacet
  facet normal 0.0 0.0 0.0
    outer loop
      vertex 0.0 0.0 1.0
      vertex 0.05445540549280904 0.08149827366882392 0.9951847266721969
      vertex 0.0 0.0 1.0
    endloop
  endfacet
  facet normal 0.023241987981760633 0.0434827011422646 0.9987837927679986
    outer loop
      vertex 0.0 0.0 1.0
      vertex 0.05445540549280904 0.08149827366882392 0.9951847266721969
      vertex 0.03750953569192692 0.09055602978576764 0.9951847266721969
    endloop
  endfacet
  facet normal 0.0 0.0 0.0
    outer loop
      vertex 0.0 0.0 1.0
      vertex 0.03750953569192692 0.09055602978576764 0.9951847266721969
      vertex 0.0 0.0 1.0
    endloop
  endfacet
  facet normal 0.014312345531844128 0.04718148015216253 0.9987837927679986
    outer loop
      vertex 0.0 0.0 1.0
      vertex 0.03750953569192692 0.09055602978576764 0.9951847266721969
      vertex 0.019122195469994017 0.09613376846245088 0.9951847266721969
    endloop
  endfacet
  facet normal 0.0 0.0 0.0
    outer loop
      vertex 0.0 0.0 1.0
      vertex 0.019122195469994017 0.09613376846245088 0.9951847266721969
      vertex 0.0 0.0 1.0
    endloop
  endfacet
  facet normal 0.0048326876695947586 0.04906710133949175 0.9987837927679986
    outer loop
      vertex 0.0 0.0 1.0
      vertex 0.019122195469994017 0.09613376846245088 0.9951847266721969
      vertex 6.001818858308667e-18 0.0980171403295606 0.9951847266721969
    endloop
  endfacet
  facet normal 0.0 0.0 0.0
    outer loop
      vertex 0.0 0.0 1.0
      vertex 6.001818858308667e-18 0.0980171403295606 0.9951847266721969
      vertex 0.0 0.0 1.0
    endloop
  endfacet
  facet normal -0.0048326876695947586 0.04906710133949174 0.9987837927679986
    outer loop
      vertex 0.0 0.0 1.0
      vertex 6.001818858308667e-18 0.0980171403295606 0.9951847266721969
      vertex -0.019122195469994004 0.09613376846245088 0.9951847266721969
    endloop
  endfacet
  facet normal 0.0 0.0 0.0
    outer loop
      vertex 0.0 0.0 1.0
      vertex -0.019122195469994004 0.09613376846245088 0.9951847266721969
      vertex -0.0 0.0 1.0
    endloop
  endfacet
  facet normal -0.014312345531844127 0.047181480152162544 0.9987837927679986
    outer loop
      vertex -0.0 0.0 1.0
      vertex -0.019122195469994004 0.09613376846245088 0.9951847266721969
      vertex -0.037509535691926915 0.09055602978576764 0.9951847266721969
    endloop
  endfacet
  facet normal 0.0 0.0 0.0
    outer loop
      vertex -0.0 0.0 1.0
      vertex -0.037509535691926915 0.09055602978576764 0.9951847266721969
      vertex -0.0 0.0 1.0
    endloop
  endfacet
  facet normal -0.023241987981760623 0.043482701142264615 0.9987837927679986
    outer loop
      vertex -0.0 0.0 1.0
      vertex -0.037509535691926915 0.09055602978576764 0.9951847266721969
      vertex -0.05445540549280901 0.08149827366882395 0.9951847266721969
    endloop
  endfacet
  facet normal 0.0 0.0 0.0
    outer loop
      vertex -0.0 0.0 1.0
      vertex -0.05445540549280901 0.08149827366882395 0.9951847266721969
      vertex -0.0 0.0 1.0
    endloop
  endfacet
  facet normal -0.03127845386779509 0.03811290631284919 0.9987837927679986
    outer loop
      vertex -0.0 0.0 1.0
      vertex -0.05445540549280901 0.08149827366882395 0.9951847266721969
      vertex -0.06930858459954573 0.06930858459954574 0.9951847266721969
    endloop
  endfacet
  facet normal 0.0 0.0 0.0
    outer loop
      vertex -0.0 0.0 1.0
      vertex -0.06930858459954573 0.06930858459954574 0.9951847266721969
      vertex -0.0 0.0 1.0
    endloop
  endfacet
  facet normal -0.03811290631284919 0.03127845386779512 0.9987837927679986
    outer loop
      vertex -0.0 0.0 1.0
      vertex -0.06930858459954573 0.06930858459954574 0.9951847266721969
      vertex -0.08149827366882394 0.05445540549280903 0.9951847266721969
    endloop
  endfacet
  facet normal 0.0 0.0 0.0
    outer loop
      vertex -0.0 0.0 1.0
      vertex -0.08149827366882394 0.05445540549280903 0.9951847266721969
      vertex -0.0 0.0 1.0
    endloop
  endfacet
  facet normal -0.04348270114226462 0.02324198798176064 0.9987837927679984
    outer loop
      vertex -0.0 0.0 1.0
      vertex -0.08149827366882394 0.05445540549280903 0.9951847266721969
      vertex -0.09055602978576764 0.03750953569192693 0.9951847266721969
    endloop
  endfacet
  facet normal 0.0 0.0 0.0
    outer loop
      vertex -0.0 0.0 1.0
      vertex -0.09055602978576764 0.03750953569192693 0.9951847266721969
      vertex -0.0 0.0 1.0
    endloop
  endfacet
  facet normal -0.047181480152162524 0.014312345531844144 0.9987837927679984
    outer loop
      vertex -0.0 0.0 1.0
      vertex -0.09055602978576764 0.03750953569192693 0.9951847266721969
      vertex -0.09613376846245088 0.019122195469994045 0.9951847266721969
    endloop
  endfacet
  facet normal 0.0 0.0 0.0
    outer loop
      vertex -0.0 0.0 1.0
      vertex -0.09613376846245088 0.019122195469994045 0.9951847266721969
      vertex -0.0 0.0 1.0
    endloop
  endfacet
  facet normal -0.04906710133949174 0.0048326876695947525 0.9987837927679986
    outer loop
      vertex -0.0 0.0 1.0
      vertex -0.09613376846245088 0.019122195469994045 0.9951847266721969
      vertex -0.0980171403295606 1.2003637716617333e-17 0.9951847266721969
    endloop
  endfacet
  facet normal 0.0 0.0 0.0
    outer loop
      vertex -0.0 0.0 1.0
      vertex -0.0980171403295606 1.2003637716617333e-17 0.9951847266721969
      vertex -0.0 0.0 1.0
    endloop
  endfacet
  facet normal -0.04906710133949175 -0.0048326876695947525 0.9987837927679986
    outer loop
      vertex -0.0 0.0 1.0
      vertex -0.0980171403295606 1.2003637716617333e-17 0.9951847266721969
      vertex -0.09613376846245088 -0.01912219546999402 0.9951847266721969
    endloop
  endfacet
  facet normal 0.0 0.0 0.0
    outer loop
      vertex -0.0 0.0 1.0
      vertex -0.09613376846245088 -0.01912219546999402 0.9951847266721969
      vertex -0.0 -0.0 1.0
    endloop
  endfacet
  facet normal -0.04718148015216254 -0.014312345531844115 0.9987837927679986
    outer loop
      vertex -0.0 -0.0 1.0
      vertex -0.09613376846245088 -0.01912219546999402 0.9951847266721969
      vertex -0.09055602978576766 -0.03750953569192691 0.9951847266721969
    endloop
  endfacet
  facet normal 0.0 0.0 0.0
    outer loop
      vertex -0.0 -0.0 1.0
      vertex -0.09055602978576766 -0.03750953569192691 0.9951847266721969
      vertex -0.0 -0.0 1.0
    endloop
  endfacet
  facet normal -0.0434827011422646 -0.023241987981760637 0.9987837927679986
    outer loop
      vertex -0.0 -0.0 1.0
      vertex -0.09055602978576766 -0.03750953569192691 0.9951847266721969
      vertex -0.08149827366882395 -0.05445540549280901 0.9951847266721969
    endloop
  endfacet
  facet normal 0.0 0.0 0.0
    outer loop
      vertex -0.0 -0.0 1.0
      vertex -0.08149827366882395 -0.05445540549280901 0.9951847266721969
      vertex -0.0 -0.0 1.0
    endloop
  endfacet
  facet normal -0.03811290631284921 -0.03127845386779507 0.9987837927679986
    outer loop
      vertex -0.0 -0.0 1.0
      vertex -0.08149827366882395 -0.05445540549280901 0.9951847266721969
      vertex -0.06930858459954575 -0.06930858459954573 0.9951847266721969
    endloop
  endfacet
  facet normal 0.0 0.0 0.0
    outer loop
      vertex -0.0 -0.0 1.0
      vertex -0.06930858459954575 -0.06930858459954573 0.9951847266721969
      vertex -0.0 -0.0 1.0
    endloop
  endfacet
  facet normal -0.03127845386779509 -0.03811290631284922 0.9987837927679986
    outer loop
      vertex -0.0 -0.0 1.0
      vertex -0.06930858459954575 -0.06930858459954573 0.9951847266721969
      vertex -0.05445540549280903 -0.08149827366882392 0.9951847266721969
    endloop
  endfacet
  facet normal 0.0 0.0 0.0
    outer loop
      vertex -0.0 -0.0 1.0
      vertex -0.05445540549280903 -0.08149827366882392 0.9951847266721969
      vertex -0.0 -0.0 1.0
    endloop
  endfacet
  facet normal -0.023241987981760626 -0.04348270114226459 0.9987837927679986
    outer loop
      vertex -0.0 -0.0 1.0
      vertex -0.05445540549280903 -0.08149827366882392 0.9951847266721969
      vertex -0.03750953569192697 -0.09055602978576761 0.9951847266721969
    endloop
  endfacet
  facet normal 0.0 0.0 0.0
    outer loop
      vertex -0.0 -0.0 1.0
      vertex -0.03750953569192697 -0.09055602978576761 0.9951847266721969
      vertex -0.0 -0.0 1.0
    endloop
  endfacet
  facet normal -0.014312345531844198 -0.04718148015216252 0.9987837927679986
    outer loop
      vertex -0.0 -0.0 1.0
      vertex -0.03750953569192697 -0.09055602978576761 0.9951847266721969
      vertex -0.01912219546999405 -0.09613376846245088 0.9951847266721969
    endloop
  endfacet
  facet normal 0.0 0.0 0.0
    outer loop
      vertex -0.0 -0.0 1.0
      vertex -0.01912219546999405 -0.09613376846245088 0.9951847266721969
      vertex -0.0 -0.0 1.0
    endloop
  endfacet
  facet normal -0.0048326876695947525 -0.04906710133949174 0.9987837927679986
    outer loop
      vertex -0.0 -0.0 1.0
      vertex -0.01912219546999405 -0.09613376846245088 0.9951847266721969
      vertex -1.8005456574926e-17 -0.0980171403295606 0.9951847266721969
    endloop
  endfacet
  facet normal 0.0 0.0 0.0
    outer loop
      vertex -0.0 -0.0 1.0
      vertex -1.8005456574926e-17 -0.0980171403295606 0.9951847266721969
      vertex -0.0 -0.0 1.0
    endloop
  endfacet
  facet normal 0.0048326876695947525 -0.04906710133949174 0.9987837927679986
    outer loop
      vertex -0.0 -0.0 1.0
      vertex -1.8005456574926e-17 -0.0980171403295606 0.9951847266721969
      vertex 0.019122195469994014 -0.09613376846245088 0.9951847266721969
    endloop
  endfacet
  facet normal 0.0 0.0 0.0
    outer loop
      vertex -0.0 -0.0 1.0
      vertex 0.019122195469994014 -0.09613376846245088 0.9951847266721969
      vertex 0.0 -0.0 1.0
    endloop
  endfacet
  facet normal 0.01431234553184414 -0.04718148015216254 0.9987837927679986
    outer loop
      vertex 0.0 -0.0 1.0
      vertex 0.019122195469994014 -0.09613376846245088 0.9951847266721969
      vertex 0.03750953569192694 -0.09055602978576763 0.9951847266721969
    endloop
  endfacet
  facet normal 0.0 0.0 0.0
    outer loop
      vertex 0.0 -0.0 1.0
      vertex 0.03750953569192694 -0.09055602978576763 0.9951847266721969
      vertex 0.0 -0.0 1.0
    endloop
  endfacet
  facet normal 0.023241987981760633 -0.04348270114226459 0.9987837927679986
    outer loop
      vertex 0.0 -0.0 1.0
      vertex 0.03750953569192694 -0.09055602978576763 0.9951847266721969
      vertex 0.054455405492809 -0.08149827366882395 0.9951847266721969
    endloop
  endfacet
  facet normal 0.0 0.0 0.0
    outer loop
      vertex 0.0 -0.0 1.0
      vertex 0.054455405492809 -0.08149827366882395 0.9951847266721969
      vertex 0.0 -0.0 1.0
    endloop
  endfacet
  facet normal 0.03127845386779508 -0.038112906312849214 0.9987837927679986
    outer loop
      vertex 0.0 -0.0 1.0
      vertex 0.054455405492809 -0.08149827366882395 0.9951847266721969
      vertex 0.06930858459954571 -0.06930858459954575 0.9951847266721969
    endloop
  endfacet
  facet normal 0.0 0.0 0.0
    outer loop
      vertex 0.0 -0.0 1.0
      vertex 0.06930858459954571 -0.06930858459954575 0.9951847266721969
      vertex 0.0 -0.0 1.0
    endloop
  endfacet
  facet normal 0.0381129063128492 -0.031278453867795104 0.9987837927679986
    outer loop
      vertex 0.0 -0.0 1.0
      vertex 0.06930858459954571 -0.06930858459954575 0.9951847266721969
      vertex 0.08149827366882392 -0.05445540549280903 0.9951847266721969
    endloop
  endfacet
  facet normal 0.0 0.0 0.0
    outer loop
      vertex 0.0 -0.0 1.0
      vertex 0.08149827366882392 -0.05445540549280903 0.9951847266721969
      vertex 0.0 -0.0 1.0
    endloop
  endfacet
  facet normal 0.04348270114226459 -0.023241987981760633 0.9987837927679986
    outer loop
      vertex 0.0 -0.0 1.0
      vertex 0.08149827366882392 -0.05445540549280903 0.9951847266721969
      vertex 0.09055602978576761 -0.03750953569192698 0.9951847266721969
    endloop
  endfacet
  facet normal 0.0 0.0 0.0
    outer loop
      vertex 0.0 -0.0 1.0
      vertex 0.09055602978576761 -0.03750953569192698 0.9951847266721969
      vertex 0.0 -0.0 1.0
    endloop
  endfacet
  facet normal 0.04718148015216252 -0.0143123455318442 0.9987837927679986
    outer loop
      vertex 0.0 -0.0 1.0
      vertex 0.09055602978576761 -0.03750953569192698 0.9951847266721969
      vertex 0.09613376846245088 -0.019122195469994056 0.9951847266721969
    endloop
  endfacet
  facet normal 0.0 0.0 0.0
    outer loop
      vertex 0.0 -0.0 1.0
      vertex 0.09613376846245088 -0.019122195469994056 0.9951847266721969
      vertex 0.0 -0.0 1.0
    endloop
  endfacet
  facet normal 0.04906710133949174 -0.0048326876695947525 0.9987837927679986
    outer loop
      vertex 0.0 -0.0 1.0
      vertex 0.09613376846245088 -0.019122195469994056 0.9951847266721969
      vertex 0.0980171403295606 -2.4007275433234667e-17 0.9951847266721969
    endloop
  endfacet
  facet normal 0.0 0.0 0.0
    outer loop
      vertex 0.0 -0.0 1.0
      vertex 0.0980171403295606 -2.4007275433234667e-17 0.9951847266721969
      vertex 0.0 -0.0 1.0
    endloop
  endfacet
  facet normal 0.14671515442590974 0.014450181453170906 0.9890732307153762
    outer loop
      vertex 0.0980171403295606 0.0 0.9951847266721969
      vertex 0.19509032201612825 0.0 0.9807852804032304
      vertex 0.19134171618254486 0.03806023374435662 0.9807852804032304
    endloop
  endfacet
  facet normal 0.14671515442590974 0.01445018145317097 0.9890732307153762
    outer loop
      vertex 0.0980171403295606 0.0 0.9951847266721969
      vertex 0.19134171618254486 0.03806023374435662 0.9807852804032304
      vertex 0.09613376846245088 0.01912219546999401 0.9951847266721969
    endloop
  endfacet
  facet normal 0.14107697332012853 0.04279523199002248 0.9890732307153762
    outer loop
      vertex 0.09613376846245088 0.01912219546999401 0.9951847266721969
      vertex 0.19134171618254486 0.03806023374435662 0.9807852804032304
      vertex 0.18023995550173696 0.0746578340503426 0.9807852804032304
    endloop
  endfacet
  facet normal 0.14107697332012856 0.04279523199002246 0.9890732307153762
    outer loop
      vertex 0.09613376846245088 0.01912219546999401 0.9951847266721969
      vertex 0.18023995550173696 0.0746578340503426 0.9807852804032304
      vertex 0.09055602978576764 0.03750953569192692 0.9951847266721969
    endloop
  endfacet
  facet normal 0.1300172832465329 0.0694956857613401 0.9890732307153762
    outer loop
      vertex 0.09055602978576764 0.03750953569192692 0.9951847266721969
      vertex 0.18023995550173696 0.0746578340503426 0.9807852804032304
      vertex 0.16221167441072887 0.1083863756623696 0.9807852804032304
    endloop
  endfacet
  facet normal 0.1300172832465329 0.0694956857613402 0.9890732307153763
    outer loop
      vertex 0.09055602978576764 0.03750953569192692 0.9951847266721969
      vertex 0.16221167441072887 0.1083863756623696 0.9807852804032304
      vertex 0.08149827366882392 0.05445540549280903 0.9951847266721969
    endloop
  endfacet
  facet normal 0.11396110189230552 0.09352545930247907 0.9890732307153762
    outer loop
      vertex 0.08149827366882392 0.05445540549280903 0.9951847266721969
      vertex 0.16221167441072887 0.1083863756623696 0.9807852804032304
      vertex 0.1379496896414715 0.13794968964147147 0.9807852804032304
    endloop
  endfacet
  facet normal 0.11396110189230557 0.09352545930247902 0.9890732307153763
    outer loop
      vertex 0.08149827366882392 0.05445540549280903 0.9951847266721969
      vertex 0.1379496896414715 0.13794968964147147 0.9807852804032304
      vertex 0.06930858459954574 0.06930858459954573 0.9951847266721969
    endloop
  endfacet
  facet normal 0.09352545930247909 0.11396110189230545 0.9890732307153762
    outer loop
      vertex 0.06930858459954574 0.06930858459954573 0.9951847266721969
      vertex 0.1379496896414715 0.13794968964147147 0.9807852804032304
      vertex 0.10838637566236961 0.16221167441072887 0.9807852804032304
    endloop
  endfacet
  facet normal 0.09352545930247906 0.11396110189230549 0.9890732307153762
    outer loop
      vertex 0.06930858459954574 0.06930858459954573 0.9951847266721969
      vertex 0.10838637566236961 0.16221167441072887 0.9807852804032304
      vertex 0.05445540549280904 0.08149827366882392 0.9951847266721969
    endloop
  endfacet
  facet normal 0.06949568576134015 0.1300172832465329 0.9890732307153762
    outer loop
      vertex 0.05445540549280904 0.08149827366882392 0.9951847266721969
      vertex 0.10838637566236961 0.16221167441072887 0.9807852804032304
      vertex 0.07465783405034261 0.18023995550173696 0.9807852804032304
    endloop
  endfacet
  facet normal 0.06949568576134015 0.13001728324653292 0.9890732307153762
    outer loop
      vertex 0.05445540549280904 0.08149827366882392 0.9951847266721969
      vertex 0.07465783405034261 0.18023995550173696 0.9807852804032304
      vertex 0.03750953569192692 0.09055602978576764 0.9951847266721969
    endloop
  endfacet
  facet normal 0.04279523199002248 0.14107697332012853 0.9890732307153762
    outer loop
      vertex 0.03750953569192692 0.09055602978576764 0.9951847266721969
      vertex 0.07465783405034261 0.18023995550173696 0.9807852804032304
      vertex 0.03806023374435663 0.19134171618254486 0.9807852804032304
    endloop
  endfacet
  facet normal 0.04279523199002247 0.14107697332012853 0.9890732307153762
    outer loop
      vertex 0.03750953569192692 0.09055602978576764 0.9951847266721969
      vertex 0.03806023374435663 0.19134171618254486 0.9807852804032304
      vertex 0.019122195469994017 0.09613376846245088 0.9951847266721969
    endloop
  endfacet
  facet normal 0.014450181453170964 0.1467151544259097 0.9890732307153762
    outer loop
      vertex 0.019122195469994017 0.09613376846245088 0.9951847266721969
      vertex 0.03806023374435663 0.19134171618254486 0.9807852804032304
      vertex 1.1945836920083893e-17 0.19509032201612825 0.9807852804032304
    endloop
  endfacet
  facet normal 0.01445018145317097 0.14671515442590974 0.9890732307153762
    outer loop
      vertex 0.019122195469994017 0.09613376846245088 0.9951847266721969
      vertex 1.1945836920083893e-17 0.19509032201612825 0.9807852804032304
      vertex 6.001818858308667e-18 0.0980171403295606 0.9951847266721969
    endloop
  endfacet
  facet normal -0.014450181453170908 0.14671515442590977 0.9890732307153762
    outer loop
      vertex 6.001818858308667e-18 0.0980171403295606 0.9951847266721969
      vertex 1.1945836920083893e-17 0.19509032201612825 0.9807852804032304
      vertex -0.0380602337443566 0.19134171618254486 0.9807852804032304
    endloop
  endfacet
  facet normal -0.01445018145317097 0.14671515442590974 0.9890732307153762
    outer loop
      vertex 6.001818858308667e-18 0.0980171403295606 0.9951847266721969
      vertex -0.0380602337443566 0.19134171618254486 0.9807852804032304
      vertex -0.019122195469994004 0.09613376846245088 0.9951847266721969
    endloop
  endfacet
  facet normal -0.04279523199002248 0.14107697332012856 0.9890732307153762
    outer loop
      vertex -0.019122195469994004 0.09613376846245088 0.9951847266721969
      vertex -0.0380602337443566 0.19134171618254486 0.9807852804032304
      vertex -0.07465783405034258 0.18023995550173696 0.9807852804032304
    endloop
  endfacet
  facet normal -0.04279523199002247 0.14107697332012856 0.9890732307153762
    outer loop
      vertex -0.019122195469994004 0.09613376846245088 0.9951847266721969
      vertex -0.07465783405034258 0.18023995550173696 0.9807852804032304
      vertex -0.037509535691926915 0.09055602978576764 0.9951847266721969
    endloop
  endfacet
  facet normal -0.0694956857613401 0.13001728324653294 0.9890732307153762
    outer loop
      vertex -0.037509535691926915 0.09055602978576764 0.9951847266721969
      vertex -0.07465783405034258 0.18023995550173696 0.9807852804032304
      vertex -0.10838637566236956 0.1622116744107289 0.9807852804032304
    endloop
  endfacet
  facet normal -0.06949568576134008 0.13001728324653297 0.9890732307153762
    outer loop
      vertex -0.037509535691926915 0.09055602978576764 0.9951847266721969
      vertex -0.10838637566236956 0.1622116744107289 0.9807852804032304
      vertex -0.05445540549280901 0.08149827366882395 0.9951847266721969
    endloop
  endfacet
  facet normal -0.09352545930247902 0.11396110189230552 0.9890732307153762
    outer loop
      vertex -0.05445540549280901 0.08149827366882395 0.9951847266721969
      vertex -0.10838637566236956 0.1622116744107289 0.9807852804032304
      vertex -0.13794968964147147 0.1379496896414715 0.9807852804032304
    endloop
  endfacet
  facet normal -0.09352545930247906 0.11396110189230552 0.9890732307153762
    outer loop
      vertex -0.05445540549280901 0.08149827366882395 0.9951847266721969
      vertex -0.13794968964147147 0.1379496896414715 0.9807852804032304
      vertex -0.06930858459954573 0.06930858459954574 0.9951847266721969
    endloop
  endfacet
  facet normal -0.11396110189230546 0.09352545930247906 0.9890732307153762
    outer loop
      vertex -0.06930858459954573 0.06930858459954574 0.9951847266721969
      vertex -0.13794968964147147 0.1379496896414715 0.9807852804032304
      vertex -0.16221167441072887 0.1083863756623696 0.9807852804032304
    endloop
  endfacet
  facet normal -0.11396110189230549 0.09352545930247909 0.9890732307153762
    outer loop
      vertex -0.06930858459954573 0.06930858459954574 0.9951847266721969
      vertex -0.16221167441072887 0.1083863756623696 0.9807852804032304
      vertex -0.08149827366882394 0.05445540549280903 0.9951847266721969
    endloop
  endfacet
  facet normal -0.1300172832465329 0.0694956857613402 0.9890732307153762
    outer loop
      vertex -0.08149827366882394 0.05445540549280903 0.9951847266721969
      vertex -0.16221167441072887 0.1083863756623696 0.9807852804032304
      vertex -0.18023995550173696 0.07465783405034263 0.9807852804032304
    endloop
  endfacet
  facet normal -0.1300172832465329 0.06949568576134013 0.9890732307153762
    outer loop
      vertex -0.08149827366882394 0.05445540549280903 0.9951847266721969
      vertex -0.18023995550173696 0.07465783405034263 0.9807852804032304
      vertex -0.09055602978576764 0.03750953569192693 0.9951847266721969
    endloop
  endfacet
  facet normal -0.1410769733201285 0.04279523199002251 0.9890732307153762
    outer loop
      vertex -0.09055602978576764 0.03750953569192693 0.9951847266721969
      vertex -0.18023995550173696 0.07465783405034263 0.9807852804032304
      vertex -0.19134171618254486 0.038060233744356686 0.9807852804032304
    endloop
  endfacet
  facet normal -0.14107697332012853 0.04279523199002252 0.9890732307153762
    outer loop
      vertex -0.09055602978576764 0.03750953569192693 0.9951847266721969
      vertex -0.19134171618254486 0.038060233744356686 0.9807852804032304
      vertex -0.09613376846245088 0.019122195469994045 0.9951847266721969
    endloop
  endfacet
  facet normal -0.14671515442590974 0.014450181453170946 0.9890732307153762
    outer loop
      vertex -0.09613376846245088 0.019122195469994045 0.9951847266721969
      vertex -0.19134171618254486 0.038060233744356686 0.9807852804032304
      vertex -0.19509032201612825 2.3891673840167787e-17 0.9807852804032304
    endloop
  endfacet
  facet normal -0.14671515442590974 0.014450181453170952 0.9890732307153762
    outer loop
      vertex -0.09613376846245088 0.019122195469994045 0.9951847266721969
      vertex -0.19509032201612825 2.3891673840167787e-17 0.9807852804032304
      vertex -0.0980171403295606 1.2003637716617333e-17 0.9951847266721969
    endloop
  endfacet
  facet normal -0.14671515442590974 -0.014450181453170891 0.9890732307153762
    outer loop
      vertex -0.0980171403295606 1.2003637716617333e-17 0.9951847266721969
      vertex -0.19509032201612825 2.3891673840167787e-17 0.9807852804032304
      vertex -0.19134171618254486 -0.03806023374435664 0.9807852804032304
    endloop
  endfacet
  facet normal -0.1467151544259097 -0.014450181453170953 0.9890732307153762
    outer loop
      vertex -0.0980171403295606 1.2003637716617333e-17 0.9951847266721969
      vertex -0.19134171618254486 -0.03806023374435664 0.9807852804032304
      vertex -0.09613376846245088 -0.01912219546999402 0.9951847266721969
    endloop
  endfacet
  facet normal -0.14107697332012853 -0.04279523199002252 0.9890732307153762
    outer loop
      vertex -0.09613376846245088 -0.01912219546999402 0.9951847266721969
      vertex -0.19134171618254486 -0.03806023374435664 0.9807852804032304
      vertex -0.18023995550173696 -0.07465783405034258 0.9807852804032304
    endloop
  endfacet
  facet normal -0.1410769733201286 -0.04279523199002242 0.9890732307153762
    outer loop
      vertex -0.09613376846245088 -0.01912219546999402 0.9951847266721969
      vertex -0.18023995550173696 -0.07465783405034258 0.9807852804032304
      vertex -0.09055602978576766 -0.03750953569192691 0.9951847266721969
    endloop
  endfacet
  facet normal -0.13001728324653297 -0.06949568576134012 0.9890732307153762
    outer loop
      vertex -0.09055602978576766 -0.03750953569192691 0.9951847266721969
      vertex -0.18023995550173696 -0.07465783405034258 0.9807852804032304
      vertex -0.1622116744107289 -0.10838637566236956 0.9807852804032304
    endloop
  endfacet
  facet normal -0.13001728324653294 -0.06949568576134015 0.9890732307153762
    outer loop
      vertex -0.09055602978576766 -0.03750953569192691 0.9951847266721969
      vertex -0.1622116744107289 -0.10838637566236956 0.9807852804032304
      vertex -0.08149827366882395 -0.05445540549280901 0.9951847266721969
    endloop
  endfacet
  facet normal -0.11396110189230557 -0.09352545930247898 0.9890732307153762
    outer loop
      vertex -0.08149827366882395 -0.05445540549280901 0.9951847266721969
      vertex -0.1622116744107289 -0.10838637566236956 0.9807852804032304
      vertex -0.13794968964147153 -0.13794968964147147 0.9807852804032304
    endloop
  endfacet
  facet normal -0.11396110189230556 -0.09352545930247898 0.9890732307153762
    outer loop
      vertex -0.08149827366882395 -0.05445540549280901 0.9951847266721969
      vertex -0.13794968964147153 -0.13794968964147147 0.9807852804032304
      vertex -0.06930858459954575 -0.06930858459954573 0.9951847266721969
    endloop
  endfacet
  facet normal -0.09352545930247902 -0.11396110189230552 0.9890732307153762
    outer loop
      vertex -0.06930858459954575 -0.06930858459954573 0.9951847266721969
      vertex -0.13794968964147153 -0.13794968964147147 0.9807852804032304
      vertex -0.1083863756623696 -0.16221167441072887 0.9807852804032304
    endloop
  endfacet
  facet normal -0.09352545930247895 -0.11396110189230559 0.9890732307153762
    outer loop
      vertex -0.06930858459954575 -0.06930858459954573 0.9951847266721969
      vertex -0.1083863756623696 -0.16221167441072887 0.9807852804032304
      vertex -0.05445540549280903 -0.08149827366882392 0.9951847266721969
    endloop
  endfacet
  facet normal -0.06949568576134013 -0.13001728324653286 0.9890732307153763
    outer loop
      vertex -0.05445540549280903 -0.08149827366882392 0.9951847266721969
      vertex -0.1083863756623696 -0.16221167441072887 0.9807852804032304
      vertex -0.07465783405034271 -0.1802399555017369 0.9807852804032304
    endloop
  endfacet
  facet normal -0.06949568576134019 -0.1300172832465329 0.9890732307153763
    outer loop
      vertex -0.05445540549280903 -0.08149827366882392 0.9951847266721969
      vertex -0.07465783405034271 -0.1802399555017369 0.9807852804032304
      vertex -0.03750953569192697 -0.09055602978576761 0.9951847266721969
    endloop
  endfacet
  facet normal -0.04279523199002255 -0.14107697332012856 0.9890732307153763
    outer loop
      vertex -0.03750953569192697 -0.09055602978576761 0.9951847266721969
      vertex -0.07465783405034271 -0.1802399555017369 0.9807852804032304
      vertex -0.03806023374435669 -0.19134171618254484 0.9807852804032304
    endloop
  endfacet
  facet normal -0.04279523199002264 -0.14107697332012853 0.9890732307153762
    outer loop
      vertex -0.03750953569192697 -0.09055602978576761 0.9951847266721969
      vertex -0.03806023374435669 -0.19134171618254484 0.9807852804032304
      vertex -0.01912219546999405 -0.09613376846245088 0.9951847266721969
    endloop
  endfacet
  facet normal -0.014450181453171009 -0.14671515442590977 0.9890732307153762
    outer loop
      vertex -0.01912219546999405 -0.09613376846245088 0.9951847266721969
      vertex -0.03806023374435669 -0.19134171618254484 0.9807852804032304
      vertex -3.583751076025168e-17 -0.19509032201612825 0.9807852804032304
    endloop
  endfacet
  facet normal -0.014450181453170955 -0.14671515442590974 0.9890732307153762
    outer loop
      vertex -0.01912219546999405 -0.09613376846245088 0.9951847266721969
      vertex -3.583751076025168e-17 -0.19509032201612825 0.9807852804032304
      vertex -1.8005456574926e-17 -0.0980171403295606 0.9951847266721969
    endloop
  endfacet
  facet normal 0.014450181453170891 -0.1467151544259097 0.9890732307153762
    outer loop
      vertex -1.8005456574926e-17 -0.0980171403295606 0.9951847266721969
      vertex -3.583751076025168e-17 -0.19509032201612825 0.9807852804032304
      vertex 0.038060233744356624 -0.19134171618254486 0.9807852804032304
    endloop
  endfacet
  facet normal 0.014450181453170953 -0.1467151544259097 0.9890732307153762
    outer loop
      vertex -1.8005456574926e-17 -0.0980171403295606 0.9951847266721969
      vertex 0.038060233744356624 -0.19134171618254486 0.9807852804032304
      vertex 0.019122195469994014 -0.09613376846245088 0.9951847266721969
    endloop
  endfacet
  facet normal 0.04279523199002253 -0.14107697332012853 0.9890732307153762
    outer loop
      vertex 0.019122195469994014 -0.09613376846245088 0.9951847266721969
      vertex 0.038060233744356624 -0.19134171618254486 0.9807852804032304
      vertex 0.07465783405034264 -0.18023995550173694 0.9807852804032304
    endloop
  endfacet
  facet normal 0.04279523199002252 -0.14107697332012856 0.9890732307153762
    outer loop
      vertex 0.019122195469994014 -0.09613376846245088 0.9951847266721969
      vertex 0.07465783405034264 -0.18023995550173694 0.9807852804032304
      vertex 0.03750953569192694 -0.09055602978576763 0.9951847266721969
    endloop
  endfacet
  facet normal 0.06949568576134016 -0.13001728324653292 0.9890732307153762
    outer loop
      vertex 0.03750953569192694 -0.09055602978576763 0.9951847266721969
      vertex 0.07465783405034264 -0.18023995550173694 0.9807852804032304
      vertex 0.10838637566236953 -0.1622116744107289 0.9807852804032304
    endloop
  endfacet
  facet normal 0.06949568576134012 -0.13001728324653297 0.9890732307153763
    outer loop
      vertex 0.03750953569192694 -0.09055602978576763 0.9951847266721969
      vertex 0.10838637566236953 -0.1622116744107289 0.9807852804032304
      vertex 0.054455405492809 -0.08149827366882395 0.9951847266721969
    endloop
  endfacet
  facet normal 0.093525459302479 -0.11396110189230559 0.9890732307153762
    outer loop
      vertex 0.054455405492809 -0.08149827366882395 0.9951847266721969
      vertex 0.10838637566236953 -0.1622116744107289 0.9807852804032304
      vertex 0.13794968964147145 -0.13794968964147153 0.9807852804032304
    endloop
  endfacet
  facet normal 0.093525459302479 -0.11396110189230554 0.9890732307153762
    outer loop
      vertex 0.054455405492809 -0.08149827366882395 0.9951847266721969
      vertex 0.13794968964147145 -0.13794968964147153 0.9807852804032304
      vertex 0.06930858459954571 -0.06930858459954575 0.9951847266721969
    endloop
  endfacet
  facet normal 0.11396110189230549 -0.0935254593024791 0.9890732307153762
    outer loop
      vertex 0.06930858459954571 -0.06930858459954575 0.9951847266721969
      vertex 0.13794968964147145 -0.13794968964147153 0.9807852804032304
      vertex 0.16221167441072887 -0.1083863756623696 0.9807852804032304
    endloop
  endfacet
  facet normal 0.11396110189230553 -0.09352545930247902 0.9890732307153762
    outer loop
      vertex 0.06930858459954571 -0.06930858459954575 0.9951847266721969
      vertex 0.16221167441072887 -0.1083863756623696 0.9807852804032304
      vertex 0.08149827366882392 -0.05445540549280903 0.9951847266721969
    endloop
  endfacet
  facet normal 0.13001728324653286 -0.06949568576134016 0.9890732307153762
    outer loop
      vertex 0.08149827366882392 -0.05445540549280903 0.9951847266721969
      vertex 0.16221167441072887 -0.1083863756623696 0.9807852804032304
      vertex 0.1802399555017369 -0.07465783405034272 0.9807852804032304
    endloop
  endfacet
  facet normal 0.1300172832465329 -0.0694956857613402 0.9890732307153763
    outer loop
      vertex 0.08149827366882392 -0.05445540549280903 0.9951847266721969
      vertex 0.1802399555017369 -0.07465783405034272 0.9807852804032304
      vertex 0.09055602978576761 -0.03750953569192698 0.9951847266721969
    endloop
  endfacet
  facet normal 0.14107697332012853 -0.042795231990022546 0.9890732307153762
    outer loop
      vertex 0.09055602978576761 -0.03750953569192698 0.9951847266721969
      vertex 0.1802399555017369 -0.07465783405034272 0.9807852804032304
      vertex 0.19134171618254484 -0.03806023374435671 0.9807852804032304
    endloop
  endfacet
  facet normal 0.14107697332012853 -0.04279523199002264 0.9890732307153762
    outer loop
      vertex 0.09055602978576761 -0.03750953569192698 0.9951847266721969
      vertex 0.19134171618254484 -0.03806023374435671 0.9807852804032304
      vertex 0.09613376846245088 -0.019122195469994056 0.9951847266721969
    endloop
  endfacet
  facet normal 0.14671515442590977 -0.01445018145317101 0.9890732307153763
    outer loop
      vertex 0.09613376846245088 -0.019122195469994056 0.9951847266721969
      vertex 0.19134171618254484 -0.03806023374435671 0.9807852804032304
      vertex 0.19509032201612825 -4.7783347680335573e-17 0.9807852804032304
    endloop
  endfacet
  facet normal 0.14671515442590974 -0.014450181453170955 0.9890732307153762
    outer loop
      vertex 0.09613376846245088 -0.019122195469994056 0.9951847266721969
      vertex 0.19509032201612825 -4.7783347680335573e-17 0.9807852804032304
      vertex 0.0980171403295606 -2.4007275433234667e-17 0.9951847266721969
    endloop
  endfacet
  facet normal 0.24291063061226054 0.02392460889937538 0.969753596860855
    outer loop
      vertex 0.19509032201612825 0.0 0.9807852804032304
      vertex 0.29028467725446233 0.0 0.9569403357322088
      vertex 0.28470693857777907 0.05663173116192092 0.9569403357322088
    endloop
  endfacet
  facet normal 0.2429106306122606 0.02392460889937531 0.9697535968608549
    outer loop
      vertex 0.19509032201612825 0.0 0.9807852804032304
      vertex 0.28470693857777907 0.05663173116192092 0.9569403357322088
      vertex 0.19134171618254486 0.03806023374435662 0.9807852804032304
    endloop
  endfacet
  facet normal 0.23357571130368251 0.07085441739519802 0.969753596860855
    outer loop
      vertex 0.19134171618254486 0.03806023374435662 0.9807852804032304
      vertex 0.28470693857777907 0.05663173116192092 0.9569403357322088
      vertex 0.2681880719170424 0.11108713665472995 0.9569403357322088
    endloop
  endfacet
  facet normal 0.23357571130368246 0.07085441739519806 0.969753596860855
    outer loop
      vertex 0.19134171618254486 0.03806023374435662 0.9807852804032304
      vertex 0.2681880719170424 0.11108713665472995 0.9569403357322088
      vertex 0.18023995550173696 0.0746578340503426 0.9807852804032304
    endloop
  endfacet
  facet normal 0.21526460840047187 0.11506133036613857 0.969753596860855
    outer loop
      vertex 0.18023995550173696 0.0746578340503426 0.9807852804032304
      vertex 0.2681880719170424 0.11108713665472995 0.9569403357322088
      vertex 0.24136288805413728 0.16127352578428164 0.9569403357322088
    endloop
  endfacet
  facet normal 0.21526460840047185 0.11506133036613854 0.969753596860855
    outer loop
      vertex 0.18023995550173696 0.0746578340503426 0.9807852804032304
      vertex 0.24136288805413728 0.16127352578428164 0.9569403357322088
      vertex 0.16221167441072887 0.1083863756623696 0.9807852804032304
    endloop
  endfacet
  facet normal 0.1886810073182143 0.15484650093824567 0.969753596860855
    outer loop
      vertex 0.16221167441072887 0.1083863756623696 0.9807852804032304
      vertex 0.24136288805413728 0.16127352578428164 0.9569403357322088
      vertex 0.20526226376117868 0.20526226376117865 0.9569403357322088
    endloop
  endfacet
  facet normal 0.18868100731821427 0.15484650093824573 0.969753596860855
    outer loop
      vertex 0.16221167441072887 0.1083863756623696 0.9807852804032304
      vertex 0.20526226376117868 0.20526226376117865 0.9569403357322088
      vertex 0.1379496896414715 0.13794968964147147 0.9807852804032304
    endloop
  endfacet
  facet normal 0.15484650093824578 0.18868100731821422 0.969753596860855
    outer loop
      vertex 0.1379496896414715 0.13794968964147147 0.9807852804032304
      vertex 0.20526226376117868 0.20526226376117865 0.9569403357322088
      vertex 0.16127352578428167 0.24136288805413728 0.9569403357322088
    endloop
  endfacet
  facet normal 0.1548465009382458 0.18868100731821422 0.9697535968608552
    outer loop
      vertex 0.1379496896414715 0.13794968964147147 0.9807852804032304
      vertex 0.16127352578428167 0.24136288805413728 0.9569403357322088
      vertex 0.10838637566236961 0.16221167441072887 0.9807852804032304
    endloop
  endfacet
  facet normal 0.11506133036613854 0.21526460840047185 0.969753596860855
    outer loop
      vertex 0.10838637566236961 0.16221167441072887 0.9807852804032304
      vertex 0.16127352578428167 0.24136288805413728 0.9569403357322088
      vertex 0.11108713665472997 0.2681880719170424 0.9569403357322088
    endloop
  endfacet
  facet normal 0.11506133036613854 0.21526460840047185 0.969753596860855
    outer loop
      vertex 0.10838637566236961 0.16221167441072887 0.9807852804032304
      vertex 0.11108713665472997 0.2681880719170424 0.9569403357322088
      vertex 0.07465783405034261 0.18023995550173696 0.9807852804032304
    endloop
  endfacet
  facet normal 0.07085441739519797 0.2335757113036825 0.969753596860855
    outer loop
      vertex 0.07465783405034261 0.18023995550173696 0.9807852804032304
      vertex 0.11108713665472997 0.2681880719170424 0.9569403357322088
      vertex 0.05663173116192094 0.28470693857777907 0.9569403357322088
    endloop
  endfacet
  facet normal 0.07085441739519807 0.2335757113036825 0.9697535968608549
    outer loop
      vertex 0.07465783405034261 0.18023995550173696 0.9807852804032304
      vertex 0.05663173116192094 0.28470693857777907 0.9569403357322088
      vertex 0.03806023374435663 0.19134171618254486 0.9807852804032304
    endloop
  endfacet
  facet normal 0.023924608899375383 0.24291063061226062 0.969753596860855
    outer loop
      vertex 0.03806023374435663 0.19134171618254486 0.9807852804032304
      vertex 0.05663173116192094 0.28470693857777907 0.9569403357322088
      vertex 1.777481004205999e-17 0.29028467725446233 0.9569403357322088
    endloop
  endfacet
  facet normal 0.02392460889937531 0.24291063061226056 0.9697535968608552
    outer loop
      vertex 0.03806023374435663 0.19134171618254486 0.9807852804032304
      vertex 1.777481004205999e-17 0.29028467725446233 0.9569403357322088
      vertex 1.1945836920083893e-17 0.19509032201612825 0.9807852804032304
    endloop
  endfacet
  facet normal -0.02392460889937538 0.24291063061226054 0.969753596860855
    outer loop
      vertex 1.1945836920083893e-17 0.19509032201612825 0.9807852804032304
      vertex 1.777481004205999e-17 0.29028467725446233 0.9569403357322088
      vertex -0.0566317311619209 0.28470693857777907 0.9569403357322088
    endloop
  endfacet
  facet normal -0.02392460889937531 0.2429106306122606 0.9697535968608549
    outer loop
      vertex 1.1945836920083893e-17 0.19509032201612825 0.9807852804032304
      vertex -0.0566317311619209 0.28470693857777907 0.9569403357322088
      vertex -0.0380602337443566 0.19134171618254486 0.9807852804032304
    endloop
  endfacet
  facet normal -0.070854417395198 0.23357571130368254 0.969753596860855
    outer loop
      vertex -0.0380602337443566 0.19134171618254486 0.9807852804032304
      vertex -0.0566317311619209 0.28470693857777907 0.9569403357322088
      vertex -0.11108713665472994 0.2681880719170424 0.9569403357322088
    endloop
  endfacet
  facet normal -0.07085441739519806 0.23357571130368246 0.969753596860855
    outer loop
      vertex -0.0380602337443566 0.19134171618254486 0.9807852804032304
      vertex -0.11108713665472994 0.2681880719170424 0.9569403357322088
      vertex -0.07465783405034258 0.18023995550173696 0.9807852804032304
    endloop
  endfacet
  facet normal -0.11506133036613846 0.21526460840047187 0.9697535968608552
    outer loop
      vertex -0.07465783405034258 0.18023995550173696 0.9807852804032304
      vertex -0.11108713665472994 0.2681880719170424 0.9569403357322088
      vertex -0.16127352578428159 0.24136288805413733 0.9569403357322088
    endloop
  endfacet
  facet normal -0.11506133036613847 0.21526460840047187 0.969753596860855
    outer loop
      vertex -0.07465783405034258 0.18023995550173696 0.9807852804032304
      vertex -0.16127352578428159 0.24136288805413733 0.9569403357322088
      vertex -0.10838637566236956 0.1622116744107289 0.9807852804032304
    endloop
  endfacet
  facet normal -0.15484650093824573 0.18868100731821427 0.969753596860855
    outer loop
      vertex -0.10838637566236956 0.1622116744107289 0.9807852804032304
      vertex -0.16127352578428159 0.24136288805413733 0.9569403357322088
      vertex -0.20526226376117865 0.20526226376117868 0.9569403357322088
    endloop
  endfacet
  facet normal -0.15484650093824567 0.18868100731821424 0.969753596860855
    outer loop
      vertex -0.10838637566236956 0.1622116744107289 0.9807852804032304
      vertex -0.20526226376117865 0.20526226376117868 0.9569403357322088
      vertex -0.13794968964147147 0.1379496896414715 0.9807852804032304
    endloop
  endfacet
  facet normal -0.18868100731821422 0.15484650093824578 0.969753596860855
    outer loop
      vertex -0.13794968964147147 0.1379496896414715 0.9807852804032304
      vertex -0.20526226376117865 0.20526226376117868 0.9569403357322088
      vertex -0.2413628880541373 0.16127352578428164 0.9569403357322088
    endloop
  endfacet
  facet normal -0.18868100731821424 0.15484650093824576 0.9697535968608552
    outer loop
      vertex -0.13794968964147147 0.1379496896414715 0.9807852804032304
      vertex -0.2413628880541373 0.16127352578428164 0.9569403357322088
      vertex -0.16221167441072887 0.1083863756623696 0.9807852804032304
    endloop
  endfacet
  facet normal -0.2152646084004718 0.11506133036613848 0.969753596860855
    outer loop
      vertex -0.16221167441072887 0.1083863756623696 0.9807852804032304
      vertex -0.2413628880541373 0.16127352578428164 0.9569403357322088
      vertex -0.2681880719170424 0.11108713665472998 0.9569403357322088
    endloop
  endfacet
  facet normal -0.21526460840047182 0.11506133036613862 0.969753596860855
    outer loop
      vertex -0.16221167441072887 0.1083863756623696 0.9807852804032304
      vertex -0.2681880719170424 0.11108713665472998 0.9569403357322088
      vertex -0.18023995550173696 0.07465783405034263 0.9807852804032304
    endloop
  endfacet
  facet normal -0.23357571130368243 0.07085441739519806 0.969753596860855
    outer loop
      vertex -0.18023995550173696 0.07465783405034263 0.9807852804032304
      vertex -0.2681880719170424 0.11108713665472998 0.9569403357322088
      vertex -0.28470693857777907 0.05663173116192102 0.9569403357322088
    endloop
  endfacet
  facet normal -0.23357571130368246 0.07085441739519814 0.969753596860855
    outer loop
      vertex -0.18023995550173696 0.07465783405034263 0.9807852804032304
      vertex -0.28470693857777907 0.05663173116192102 0.9569403357322088
      vertex -0.19134171618254486 0.038060233744356686 0.9807852804032304
    endloop
  endfacet
  facet normal -0.24291063061226062 0.023924608899375355 0.969753596860855
    outer loop
      vertex -0.19134171618254486 0.038060233744356686 0.9807852804032304
      vertex -0.28470693857777907 0.05663173116192102 0.9569403357322088
      vertex -0.29028467725446233 3.554962008411998e-17 0.9569403357322088
    endloop
  endfacet
  facet normal -0.24291063061226054 0.023924608899375276 0.969753596860855
    outer loop
      vertex -0.19134171618254486 0.038060233744356686 0.9807852804032304
      vertex -0.29028467725446233 3.554962008411998e-17 0.9569403357322088
      vertex -0.19509032201612825 2.3891673840167787e-17 0.9807852804032304
    endloop
  endfacet
  facet normal -0.2429106306122606 -0.023924608899375355 0.969753596860855
    outer loop
      vertex -0.19509032201612825 2.3891673840167787e-17 0.9807852804032304
      vertex -0.29028467725446233 3.554962008411998e-17 0.9569403357322088
      vertex -0.28470693857777907 -0.056631731161920947 0.9569403357322088
    endloop
  endfacet
  facet normal -0.24291063061226056 -0.023924608899375283 0.969753596860855
    outer loop
      vertex -0.19509032201612825 2.3891673840167787e-17 0.9807852804032304
      vertex -0.28470693857777907 -0.056631731161920947 0.9569403357322088
      vertex -0.19134171618254486 -0.03806023374435664 0.9807852804032304
    endloop
  endfacet
  facet normal -0.2335757113036825 -0.07085441739519809 0.969753596860855
    outer loop
      vertex -0.19134171618254486 -0.03806023374435664 0.9807852804032304
      vertex -0.28470693857777907 -0.056631731161920947 0.9569403357322088
      vertex -0.2681880719170424 -0.11108713665472993 0.9569403357322088
    endloop
  endfacet
  facet normal -0.23357571130368243 -0.07085441739519813 0.969753596860855
    outer loop
      vertex -0.19134171618254486 -0.03806023374435664 0.9807852804032304
      vertex -0.2681880719170424 -0.11108713665472993 0.9569403357322088
      vertex -0.18023995550173696 -0.07465783405034258 0.9807852804032304
    endloop
  endfacet
  facet normal -0.21526460840047185 -0.11506133036613843 0.969753596860855
    outer loop
      vertex -0.18023995550173696 -0.07465783405034258 0.9807852804032304
      vertex -0.2681880719170424 -0.11108713665472993 0.9569403357322088
      vertex -0.24136288805413733 -0.16127352578428159 0.9569403357322088
    endloop
  endfacet
  facet normal -0.21526460840047187 -0.11506133036613847 0.969753596860855
    outer loop
      vertex -0.18023995550173696 -0.07465783405034258 0.9807852804032304
      vertex -0.24136288805413733 -0.16127352578428159 0.9569403357322088
      vertex -0.1622116744107289 -0.10838637566236956 0.9807852804032304
    endloop
  endfacet
  facet normal -0.18868100731821433 -0.15484650093824565 0.969753596860855
    outer loop
      vertex -0.1622116744107289 -0.10838637566236956 0.9807852804032304
      vertex -0.24136288805413733 -0.16127352578428159 0.9569403357322088
      vertex -0.2052622637611787 -0.20526226376117865 0.9569403357322088
    endloop
  endfacet
  facet normal -0.18868100731821438 -0.15484650093824562 0.9697535968608552
    outer loop
      vertex -0.1622116744107289 -0.10838637566236956 0.9807852804032304
      vertex -0.2052622637611787 -0.20526226376117865 0.9569403357322088
      vertex -0.13794968964147153 -0.13794968964147147 0.9807852804032304
    endloop
  endfacet
  facet normal -0.1548465009382457 -0.18868100731821433 0.969753596860855
    outer loop
      vertex -0.13794968964147153 -0.13794968964147147 0.9807852804032304
      vertex -0.2052622637611787 -0.20526226376117865 0.9569403357322088
      vertex -0.16127352578428164 -0.24136288805413728 0.9569403357322088
    endloop
  endfacet
  facet normal -0.15484650093824565 -0.1886810073182143 0.969753596860855
    outer loop
      vertex -0.13794968964147153 -0.13794968964147147 0.9807852804032304
      vertex -0.16127352578428164 -0.24136288805413728 0.9569403357322088
      vertex -0.1083863756623696 -0.16221167441072887 0.9807852804032304
    endloop
  endfacet
  facet normal -0.11506133036613866 -0.21526460840047182 0.9697535968608552
    outer loop
      vertex -0.1083863756623696 -0.16221167441072887 0.9807852804032304
      vertex -0.16127352578428164 -0.24136288805413728 0.9569403357322088
      vertex -0.1110871366547301 -0.26818807191704236 0.9569403357322088
    endloop
  endfacet
  facet normal -0.11506133036613854 -0.2152646084004718 0.9697535968608552
    outer loop
      vertex -0.1083863756623696 -0.16221167441072887 0.9807852804032304
      vertex -0.1110871366547301 -0.26818807191704236 0.9569403357322088
      vertex -0.07465783405034271 -0.1802399555017369 0.9807852804032304
    endloop
  endfacet
  facet normal -0.07085441739519814 -0.2335757113036824 0.969753596860855
    outer loop
      vertex -0.07465783405034271 -0.1802399555017369 0.9807852804032304
      vertex -0.1110871366547301 -0.26818807191704236 0.9569403357322088
      vertex -0.05663173116192104 -0.28470693857777907 0.9569403357322088
    endloop
  endfacet
  facet normal -0.07085441739519814 -0.2335757113036824 0.969753596860855
    outer loop
      vertex -0.07465783405034271 -0.1802399555017369 0.9807852804032304
      vertex -0.05663173116192104 -0.28470693857777907 0.9569403357322088
      vertex -0.03806023374435669 -0.19134171618254484 0.9807852804032304
    endloop
  endfacet
  facet normal -0.02392460889937535 -0.2429106306122605 0.969753596860855
    outer loop
      vertex -0.03806023374435669 -0.19134171618254484 0.9807852804032304
      vertex -0.05663173116192104 -0.28470693857777907 0.9569403357322088
      vertex -5.3324430126179966e-17 -0.29028467725446233 0.9569403357322088
    endloop
  endfacet
  facet normal -0.023924608899375456 -0.24291063061226054 0.969753596860855
    outer loop
      vertex -0.03806023374435669 -0.19134171618254484 0.9807852804032304
      vertex -5.3324430126179966e-17 -0.29028467725446233 0.9569403357322088
      vertex -3.583751076025168e-17 -0.19509032201612825 0.9807852804032304
    endloop
  endfacet
  facet normal 0.023924608899375352 -0.2429106306122606 0.969753596860855
    outer loop
      vertex -3.583751076025168e-17 -0.19509032201612825 0.9807852804032304
      vertex -5.3324430126179966e-17 -0.29028467725446233 0.9569403357322088
      vertex 0.05663173116192093 -0.28470693857777907 0.9569403357322088
    endloop
  endfacet
  facet normal 0.023924608899375283 -0.24291063061226056 0.969753596860855
    outer loop
      vertex -3.583751076025168e-17 -0.19509032201612825 0.9807852804032304
      vertex 0.05663173116192093 -0.28470693857777907 0.9569403357322088
      vertex 0.038060233744356624 -0.19134171618254486 0.9807852804032304
    endloop
  endfacet
  facet normal 0.07085441739519818 -0.23357571130368246 0.969753596860855
    outer loop
      vertex 0.038060233744356624 -0.19134171618254486 0.9807852804032304
      vertex 0.05663173116192093 -0.28470693857777907 0.9569403357322088
      vertex 0.11108713665473001 -0.26818807191704236 0.9569403357322088
    endloop
  endfacet
  facet normal 0.07085441739519817 -0.23357571130368251 0.969753596860855
    outer loop
      vertex 0.038060233744356624 -0.19134171618254486 0.9807852804032304
      vertex 0.11108713665473001 -0.26818807191704236 0.9569403357322088
      vertex 0.07465783405034264 -0.18023995550173694 0.9807852804032304
    endloop
  endfacet
  facet normal 0.11506133036613843 -0.21526460840047196 0.969753596860855
    outer loop
      vertex 0.07465783405034264 -0.18023995550173694 0.9807852804032304
      vertex 0.11108713665473001 -0.26818807191704236 0.9569403357322088
      vertex 0.16127352578428156 -0.24136288805413733 0.9569403357322088
    endloop
  endfacet
  facet normal 0.11506133036613855 -0.21526460840047182 0.9697535968608552
    outer loop
      vertex 0.07465783405034264 -0.18023995550173694 0.9807852804032304
      vertex 0.16127352578428156 -0.24136288805413733 0.9569403357322088
      vertex 0.10838637566236953 -0.1622116744107289 0.9807852804032304
    endloop
  endfacet
  facet normal 0.15484650093824565 -0.18868100731821433 0.969753596860855
    outer loop
      vertex 0.10838637566236953 -0.1622116744107289 0.9807852804032304
      vertex 0.16127352578428156 -0.24136288805413733 0.9569403357322088
      vertex 0.20526226376117862 -0.2052622637611787 0.9569403357322088
    endloop
  endfacet
  facet normal 0.15484650093824562 -0.18868100731821438 0.9697535968608552
    outer loop
      vertex 0.10838637566236953 -0.1622116744107289 0.9807852804032304
      vertex 0.20526226376117862 -0.2052622637611787 0.9569403357322088
      vertex 0.13794968964147145 -0.13794968964147153 0.9807852804032304
    endloop
  endfacet
  facet normal 0.18868100731821427 -0.15484650093824573 0.969753596860855
    outer loop
      vertex 0.13794968964147145 -0.13794968964147153 0.9807852804032304
      vertex 0.20526226376117862 -0.2052622637611787 0.9569403357322088
      vertex 0.24136288805413728 -0.16127352578428164 0.9569403357322088
    endloop
  endfacet
  facet normal 0.18868100731821424 -0.15484650093824578 0.969753596860855
    outer loop
      vertex 0.13794968964147145 -0.13794968964147153 0.9807852804032304
      vertex 0.24136288805413728 -0.16127352578428164 0.9569403357322088
      vertex 0.16221167441072887 -0.1083863756623696 0.9807852804032304
    endloop
  endfacet
  facet normal 0.21526460840047176 -0.1150613303661387 0.969753596860855
    outer loop
      vertex 0.16221167441072887 -0.1083863756623696 0.9807852804032304
      vertex 0.24136288805413728 -0.16127352578428164 0.9569403357322088
      vertex 0.26818807191704236 -0.11108713665473013 0.9569403357322088
    endloop
  endfacet
  facet normal 0.2152646084004718 -0.11506133036613858 0.9697535968608552
    outer loop
      vertex 0.16221167441072887 -0.1083863756623696 0.9807852804032304
      vertex 0.26818807191704236 -0.11108713665473013 0.9569403357322088
      vertex 0.1802399555017369 -0.07465783405034272 0.9807852804032304
    endloop
  endfacet
  facet normal 0.2335757113036824 -0.07085441739519811 0.969753596860855
    outer loop
      vertex 0.1802399555017369 -0.07465783405034272 0.9807852804032304
      vertex 0.26818807191704236 -0.11108713665473013 0.9569403357322088
      vertex 0.28470693857777907 -0.05663173116192105 0.9569403357322088
    endloop
  endfacet
  facet normal 0.2335757113036824 -0.07085441739519814 0.969753596860855
    outer loop
      vertex 0.1802399555017369 -0.07465783405034272 0.9807852804032304
      vertex 0.28470693857777907 -0.05663173116192105 0.9569403357322088
      vertex 0.19134171618254484 -0.03806023374435671 0.9807852804032304
    endloop
  endfacet
  facet normal 0.2429106306122605 -0.02392460889937535 0.969753596860855
    outer loop
      vertex 0.19134171618254484 -0.03806023374435671 0.9807852804032304
      vertex 0.28470693857777907 -0.05663173116192105 0.9569403357322088
      vertex 0.29028467725446233 -7.109924016823996e-17 0.9569403357322088
    endloop
  endfacet
  facet normal 0.24291063061226054 -0.023924608899375456 0.969753596860855
    outer loop
      vertex 0.19134171618254484 -0.03806023374435671 0.9807852804032304
      vertex 0.29028467725446233 -7.109924016823996e-17 0.9569403357322088
      vertex 0.19509032201612825 -4.7783347680335573e-17 0.9807852804032304
    endloop
  endfacet
  facet normal 0.33670455484153367 0.03316250412309196 0.9410261904268397
    outer loop
      vertex 0.29028467725446233 0.0 0.9569403357322088
      vertex 0.3826834323650898 0.0 0.9238795325112867
      vertex 0.37533027751786524 0.0746578340503426 0.9238795325112867
    endloop
  endfacet
  facet normal 0.3367045548415336 0.033162504123092046 0.9410261904268395
    outer loop
      vertex 0.29028467725446233 0.0 0.9569403357322088
      vertex 0.37533027751786524 0.0746578340503426 0.9238795325112867
      vertex 0.28470693857777907 0.05663173116192092 0.9569403357322088
    endloop
  endfacet
  facet normal 0.32376518762506334 0.09821309593357178 0.9410261904268395
    outer loop
      vertex 0.28470693857777907 0.05663173116192092 0.9569403357322088
      vertex 0.37533027751786524 0.0746578340503426 0.9238795325112867
      vertex 0.3535533905932738 0.14644660940672624 0.9238795325112867
    endloop
  endfacet
  facet normal 0.3237651876250633 0.09821309593357178 0.9410261904268395
    outer loop
      vertex 0.28470693857777907 0.05663173116192092 0.9569403357322088
      vertex 0.3535533905932738 0.14644660940672624 0.9238795325112867
      vertex 0.2681880719170424 0.11108713665472995 0.9569403357322088
    endloop
  endfacet
  facet normal 0.2983837058177707 0.1594894135458637 0.9410261904268397
    outer loop
      vertex 0.2681880719170424 0.11108713665472995 0.9569403357322088
      vertex 0.3535533905932738 0.14644660940672624 0.9238795325112867
      vertex 0.31818964514320847 0.2126075236918141 0.9238795325112867
    endloop
  endfacet
  facet normal 0.29838370581777085 0.15948941354586355 0.9410261904268395
    outer loop
      vertex 0.2681880719170424 0.11108713665472995 0.9569403357322088
      vertex 0.31818964514320847 0.2126075236918141 0.9238795325112867
      vertex 0.24136288805413728 0.16127352578428164 0.9569403357322088
    endloop
  endfacet
  facet normal 0.2615355055314114 0.21463664243828112 0.9410261904268395
    outer loop
      vertex 0.24136288805413728 0.16127352578428164 0.9569403357322088
      vertex 0.31818964514320847 0.2126075236918141 0.9238795325112867
      vertex 0.2705980500730985 0.27059805007309845 0.9238795325112867
    endloop
  endfacet
  facet normal 0.26153550553141147 0.21463664243828112 0.9410261904268395
    outer loop
      vertex 0.24136288805413728 0.16127352578428164 0.9569403357322088
      vertex 0.2705980500730985 0.27059805007309845 0.9238795325112867
      vertex 0.20526226376117868 0.20526226376117865 0.9569403357322088
    endloop
  endfacet
  facet normal 0.2146366424382812 0.26153550553141125 0.9410261904268394
    outer loop
      vertex 0.20526226376117868 0.20526226376117865 0.9569403357322088
      vertex 0.2705980500730985 0.27059805007309845 0.9238795325112867
      vertex 0.21260752369181415 0.31818964514320847 0.9238795325112867
    endloop
  endfacet
  facet normal 0.21463664243828118 0.2615355055314113 0.9410261904268395
    outer loop
      vertex 0.20526226376117868 0.20526226376117865 0.9569403357322088
      vertex 0.21260752369181415 0.31818964514320847 0.9238795325112867
      vertex 0.16127352578428167 0.24136288805413728 0.9569403357322088
    endloop
  endfacet
  facet normal 0.1594894135458636 0.29838370581777074 0.9410261904268397
    outer loop
      vertex 0.16127352578428167 0.24136288805413728 0.9569403357322088
      vertex 0.21260752369181415 0.31818964514320847 0.9238795325112867
      vertex 0.14644660940672627 0.3535533905932738 0.9238795325112867
    endloop
  endfacet
  facet normal 0.15948941354586343 0.2983837058177707 0.9410261904268395
    outer loop
      vertex 0.16127352578428167 0.24136288805413728 0.9569403357322088
      vertex 0.14644660940672627 0.3535533905932738 0.9238795325112867
      vertex 0.11108713665472997 0.2681880719170424 0.9569403357322088
    endloop
  endfacet
  facet normal 0.09821309593357173 0.3237651876250633 0.9410261904268397
    outer loop
      vertex 0.11108713665472997 0.2681880719170424 0.9569403357322088
      vertex 0.14644660940672627 0.3535533905932738 0.9238795325112867
      vertex 0.07465783405034264 0.37533027751786524 0.9238795325112867
    endloop
  endfacet
  facet normal 0.09821309593357178 0.3237651876250633 0.9410261904268395
    outer loop
      vertex 0.11108713665472997 0.2681880719170424 0.9569403357322088
      vertex 0.07465783405034264 0.37533027751786524 0.9238795325112867
      vertex 0.05663173116192094 0.28470693857777907 0.9569403357322088
    endloop
  endfacet
  facet normal 0.03316250412309195 0.3367045548415336 0.9410261904268397
    outer loop
      vertex 0.05663173116192094 0.28470693857777907 0.9569403357322088
      vertex 0.07465783405034264 0.37533027751786524 0.9238795325112867
      vertex 2.3432602026631493e-17 0.3826834323650898 0.9238795325112867
    endloop
  endfacet
  facet normal 0.03316250412309205 0.33670455484153367 0.9410261904268395
    outer loop
      vertex 0.05663173116192094 0.28470693857777907 0.9569403357322088
      vertex 2.3432602026631493e-17 0.3826834323650898 0.9238795325112867
      vertex 1.777481004205999e-17 0.29028467725446233 0.9569403357322088
    endloop
  endfacet
  facet normal -0.03316250412309196 0.3367045548415336 0.9410261904268397
    outer loop
      vertex 1.777481004205999e-17 0.29028467725446233 0.9569403357322088
      vertex 2.3432602026631493e-17 0.3826834323650898 0.9238795325112867
      vertex -0.07465783405034258 0.37533027751786524 0.9238795325112867
    endloop
  endfacet
  facet normal -0.033162504123092046 0.3367045548415336 0.9410261904268395
    outer loop
      vertex 1.777481004205999e-17 0.29028467725446233 0.9569403357322088
      vertex -0.07465783405034258 0.37533027751786524 0.9238795325112867
      vertex -0.0566317311619209 0.28470693857777907 0.9569403357322088
    endloop
  endfacet
  facet normal -0.09821309593357182 0.32376518762506334 0.9410261904268397
    outer loop
      vertex -0.0566317311619209 0.28470693857777907 0.9569403357322088
      vertex -0.07465783405034258 0.37533027751786524 0.9238795325112867
      vertex -0.1464466094067262 0.3535533905932738 0.9238795325112867
    endloop
  endfacet
  facet normal -0.09821309593357178 0.32376518762506334 0.9410261904268395
    outer loop
      vertex -0.0566317311619209 0.28470693857777907 0.9569403357322088
      vertex -0.1464466094067262 0.3535533905932738 0.9238795325112867
      vertex -0.11108713665472994 0.2681880719170424 0.9569403357322088
    endloop
  endfacet
  facet normal -0.15948941354586338 0.2983837058177708 0.9410261904268395
    outer loop
      vertex -0.11108713665472994 0.2681880719170424 0.9569403357322088
      vertex -0.1464466094067262 0.3535533905932738 0.9238795325112867
      vertex -0.21260752369181402 0.3181896451432086 0.9238795325112867
    endloop
  endfacet
  facet normal -0.15948941354586335 0.29838370581777085 0.9410261904268397
    outer loop
      vertex -0.11108713665472994 0.2681880719170424 0.9569403357322088
      vertex -0.21260752369181402 0.3181896451432086 0.9238795325112867
      vertex -0.16127352578428159 0.24136288805413733 0.9569403357322088
    endloop
  endfacet
  facet normal -0.2146366424382812 0.26153550553141136 0.9410261904268395
    outer loop
      vertex -0.16127352578428159 0.24136288805413733 0.9569403357322088
      vertex -0.21260752369181402 0.3181896451432086 0.9238795325112867
      vertex -0.27059805007309845 0.2705980500730985 0.9238795325112867
    endloop
  endfacet
  facet normal -0.21463664243828115 0.2615355055314114 0.9410261904268395
    outer loop
      vertex -0.16127352578428159 0.24136288805413733 0.9569403357322088
      vertex -0.27059805007309845 0.2705980500730985 0.9238795325112867
      vertex -0.20526226376117865 0.20526226376117868 0.9569403357322088
    endloop
  endfacet
  facet normal -0.26153550553141125 0.21463664243828132 0.9410261904268395
    outer loop
      vertex -0.20526226376117865 0.20526226376117868 0.9569403357322088
      vertex -0.27059805007309845 0.2705980500730985 0.9238795325112867
      vertex -0.3181896451432085 0.2126075236918141 0.9238795325112867
    endloop
  endfacet
  facet normal -0.2615355055314113 0.21463664243828123 0.9410261904268397
    outer loop
      vertex -0.20526226376117865 0.20526226376117868 0.9569403357322088
      vertex -0.3181896451432085 0.2126075236918141 0.9238795325112867
      vertex -0.2413628880541373 0.16127352578428164 0.9569403357322088
    endloop
  endfacet
  facet normal -0.29838370581777074 0.15948941354586357 0.9410261904268395
    outer loop
      vertex -0.2413628880541373 0.16127352578428164 0.9569403357322088
      vertex -0.3181896451432085 0.2126075236918141 0.9238795325112867
      vertex -0.3535533905932738 0.1464466094067263 0.9238795325112867
    endloop
  endfacet
  facet normal -0.2983837058177707 0.1594894135458634 0.9410261904268395
    outer loop
      vertex -0.2413628880541373 0.16127352578428164 0.9569403357322088
      vertex -0.3535533905932738 0.1464466094067263 0.9238795325112867
      vertex -0.2681880719170424 0.11108713665472998 0.9569403357322088
    endloop
  endfacet
  facet normal -0.3237651876250632 0.09821309593357182 0.9410261904268395
    outer loop
      vertex -0.2681880719170424 0.11108713665472998 0.9569403357322088
      vertex -0.3535533905932738 0.1464466094067263 0.9238795325112867
      vertex -0.37533027751786524 0.07465783405034274 0.9238795325112867
    endloop
  endfacet
  facet normal -0.3237651876250633 0.09821309593357191 0.9410261904268397
    outer loop
      vertex -0.2681880719170424 0.11108713665472998 0.9569403357322088
      vertex -0.37533027751786524 0.07465783405034274 0.9238795325112867
      vertex -0.28470693857777907 0.05663173116192102 0.9569403357322088
    endloop
  endfacet
  facet normal -0.3367045548415336 0.033162504123091914 0.9410261904268395
    outer loop
      vertex -0.28470693857777907 0.05663173116192102 0.9569403357322088
      vertex -0.37533027751786524 0.07465783405034274 0.9238795325112867
      vertex -0.3826834323650898 4.6865204053262986e-17 0.9238795325112867
    endloop
  endfacet
  facet normal -0.33670455484153355 0.033162504123092004 0.9410261904268395
    outer loop
      vertex -0.28470693857777907 0.05663173116192102 0.9569403357322088
      vertex -0.3826834323650898 4.6865204053262986e-17 0.9238795325112867
      vertex -0.29028467725446233 3.554962008411998e-17 0.9569403357322088
    endloop
  endfacet
  facet normal -0.33670455484153367 -0.03316250412309192 0.9410261904268395
    outer loop
      vertex -0.29028467725446233 3.554962008411998e-17 0.9569403357322088
      vertex -0.3826834323650898 4.6865204053262986e-17 0.9238795325112867
      vertex -0.37533027751786524 -0.07465783405034264 0.9238795325112867
    endloop
  endfacet
  facet normal -0.33670455484153367 -0.03316250412309202 0.9410261904268397
    outer loop
      vertex -0.29028467725446233 3.554962008411998e-17 0.9569403357322088
      vertex -0.37533027751786524 -0.07465783405034264 0.9238795325112867
      vertex -0.28470693857777907 -0.056631731161920947 0.9569403357322088
    endloop
  endfacet
  facet normal -0.3237651876250633 -0.09821309593357186 0.9410261904268395
    outer loop
      vertex -0.28470693857777907 -0.056631731161920947 0.9569403357322088
      vertex -0.37533027751786524 -0.07465783405034264 0.9238795325112867
      vertex -0.3535533905932738 -0.1464466094067262 0.9238795325112867
    endloop
  endfacet
  facet normal -0.32376518762506323 -0.09821309593357187 0.9410261904268397
    outer loop
      vertex -0.28470693857777907 -0.056631731161920947 0.9569403357322088
      vertex -0.3535533905932738 -0.1464466094067262 0.9238795325112867
      vertex -0.2681880719170424 -0.11108713665472993 0.9569403357322088
    endloop
  endfacet
  facet normal -0.29838370581777074 -0.15948941354586335 0.9410261904268395
    outer loop
      vertex -0.2681880719170424 -0.11108713665472993 0.9569403357322088
      vertex -0.3535533905932738 -0.1464466094067262 0.9238795325112867
      vertex -0.3181896451432086 -0.21260752369181402 0.9238795325112867
    endloop
  endfacet
  facet normal -0.29838370581777085 -0.15948941354586332 0.9410261904268397
    outer loop
      vertex -0.2681880719170424 -0.11108713665472993 0.9569403357322088
      vertex -0.3181896451432086 -0.21260752369181402 0.9238795325112867
      vertex -0.24136288805413733 -0.16127352578428159 0.9569403357322088
    endloop
  endfacet
  facet normal -0.26153550553141147 -0.214636642438281 0.9410261904268395
    outer loop
      vertex -0.24136288805413733 -0.16127352578428159 0.9569403357322088
      vertex -0.3181896451432086 -0.21260752369181402 0.9238795325112867
      vertex -0.27059805007309856 -0.27059805007309845 0.9238795325112867
    endloop
  endfacet
  facet normal -0.2615355055314114 -0.21463664243828096 0.9410261904268395
    outer loop
      vertex -0.24136288805413733 -0.16127352578428159 0.9569403357322088
      vertex -0.27059805007309856 -0.27059805007309845 0.9238795325112867
      vertex -0.2052622637611787 -0.20526226376117865 0.9569403357322088
    endloop
  endfacet
  facet normal -0.21463664243828098 -0.26153550553141147 0.9410261904268395
    outer loop
      vertex -0.2052622637611787 -0.20526226376117865 0.9569403357322088
      vertex -0.27059805007309856 -0.27059805007309845 0.9238795325112867
      vertex -0.2126075236918141 -0.31818964514320847 0.9238795325112867
    endloop
  endfacet
  facet normal -0.21463664243828107 -0.2615355055314115 0.9410261904268397
    outer loop
      vertex -0.2052622637611787 -0.20526226376117865 0.9569403357322088
      vertex -0.2126075236918141 -0.31818964514320847 0.9238795325112867
      vertex -0.16127352578428164 -0.24136288805413728 0.9569403357322088
    endloop
  endfacet
  facet normal -0.1594894135458637 -0.29838370581777074 0.9410261904268397
    outer loop
      vertex -0.16127352578428164 -0.24136288805413728 0.9569403357322088
      vertex -0.2126075236918141 -0.31818964514320847 0.9238795325112867
      vertex -0.14644660940672646 -0.3535533905932737 0.9238795325112867
    endloop
  endfacet
  facet normal -0.15948941354586366 -0.29838370581777074 0.9410261904268397
    outer loop
      vertex -0.16127352578428164 -0.24136288805413728 0.9569403357322088
      vertex -0.14644660940672646 -0.3535533905932737 0.9238795325112867
      vertex -0.1110871366547301 -0.26818807191704236 0.9569403357322088
    endloop
  endfacet
  facet normal -0.09821309593357196 -0.3237651876250633 0.9410261904268395
    outer loop
      vertex -0.1110871366547301 -0.26818807191704236 0.9569403357322088
      vertex -0.14644660940672646 -0.3535533905932737 0.9238795325112867
      vertex -0.07465783405034276 -0.3753302775178652 0.9238795325112867
    endloop
  endfacet
  facet normal -0.09821309593357207 -0.32376518762506334 0.9410261904268394
    outer loop
      vertex -0.1110871366547301 -0.26818807191704236 0.9569403357322088
      vertex -0.07465783405034276 -0.3753302775178652 0.9238795325112867
      vertex -0.05663173116192104 -0.28470693857777907 0.9569403357322088
    endloop
  endfacet
  facet normal -0.033162504123092164 -0.3367045548415338 0.9410261904268395
    outer loop
      vertex -0.05663173116192104 -0.28470693857777907 0.9569403357322088
      vertex -0.07465783405034276 -0.3753302775178652 0.9238795325112867
      vertex -7.029780607989448e-17 -0.3826834323650898 0.9238795325112867
    endloop
  endfacet
  facet normal -0.03316250412309202 -0.33670455484153367 0.9410261904268397
    outer loop
      vertex -0.05663173116192104 -0.28470693857777907 0.9569403357322088
      vertex -7.029780607989448e-17 -0.3826834323650898 0.9238795325112867
      vertex -5.3324430126179966e-17 -0.29028467725446233 0.9569403357322088
    endloop
  endfacet
  facet normal 0.033162504123091914 -0.33670455484153367 0.9410261904268395
    outer loop
      vertex -5.3324430126179966e-17 -0.29028467725446233 0.9569403357322088
      vertex -7.029780607989448e-17 -0.3826834323650898 0.9238795325112867
      vertex 0.07465783405034263 -0.37533027751786524 0.9238795325112867
    endloop
  endfacet
  facet normal 0.033162504123092004 -0.33670455484153355 0.9410261904268395
    outer loop
      vertex -5.3324430126179966e-17 -0.29028467725446233 0.9569403357322088
      vertex 0.07465783405034263 -0.37533027751786524 0.9238795325112867
      vertex 0.05663173116192093 -0.28470693857777907 0.9569403357322088
    endloop
  endfacet
  facet normal 0.09821309593357194 -0.32376518762506323 0.9410261904268395
    outer loop
      vertex 0.05663173116192093 -0.28470693857777907 0.9569403357322088
      vertex 0.07465783405034263 -0.37533027751786524 0.9238795325112867
      vertex 0.14644660940672632 -0.35355339059327373 0.9238795325112867
    endloop
  endfacet
  facet normal 0.09821309593357201 -0.32376518762506323 0.9410261904268397
    outer loop
      vertex 0.05663173116192093 -0.28470693857777907 0.9569403357322088
      vertex 0.14644660940672632 -0.35355339059327373 0.9238795325112867
      vertex 0.11108713665473001 -0.26818807191704236 0.9569403357322088
    endloop
  endfacet
  facet normal 0.1594894135458635 -0.2983837058177707 0.9410261904268397
    outer loop
      vertex 0.11108713665473001 -0.26818807191704236 0.9569403357322088
      vertex 0.14644660940672632 -0.35355339059327373 0.9238795325112867
      vertex 0.21260752369181396 -0.3181896451432086 0.9238795325112867
    endloop
  endfacet
  facet normal 0.15948941354586338 -0.2983837058177709 0.9410261904268395
    outer loop
      vertex 0.11108713665473001 -0.26818807191704236 0.9569403357322088
      vertex 0.21260752369181396 -0.3181896451432086 0.9238795325112867
      vertex 0.16127352578428156 -0.24136288805413733 0.9569403357322088
    endloop
  endfacet
  facet normal 0.2146366424382809 -0.2615355055314115 0.9410261904268395
    outer loop
      vertex 0.16127352578428156 -0.24136288805413733 0.9569403357322088
      vertex 0.21260752369181396 -0.3181896451432086 0.9238795325112867
      vertex 0.27059805007309845 -0.27059805007309856 0.9238795325112867
    endloop
  endfacet
  facet normal 0.21463664243828096 -0.2615355055314114 0.9410261904268397
    outer loop
      vertex 0.16127352578428156 -0.24136288805413733 0.9569403357322088
      vertex 0.27059805007309845 -0.27059805007309856 0.9238795325112867
      vertex 0.20526226376117862 -0.2052622637611787 0.9569403357322088
    endloop
  endfacet
  facet normal 0.26153550553141136 -0.2146366424382809 0.9410261904268395
    outer loop
      vertex 0.20526226376117862 -0.2052622637611787 0.9569403357322088
      vertex 0.27059805007309845 -0.27059805007309856 0.9238795325112867
      vertex 0.31818964514320847 -0.2126075236918141 0.9238795325112867
    endloop
  endfacet
  facet normal 0.2615355055314114 -0.21463664243828115 0.9410261904268395
    outer loop
      vertex 0.20526226376117862 -0.2052622637611787 0.9569403357322088
      vertex 0.31818964514320847 -0.2126075236918141 0.9238795325112867
      vertex 0.24136288805413728 -0.16127352578428164 0.9569403357322088
    endloop
  endfacet
  facet normal 0.2983837058177707 -0.15948941354586377 0.9410261904268397
    outer loop
      vertex 0.24136288805413728 -0.16127352578428164 0.9569403357322088
      vertex 0.31818964514320847 -0.2126075236918141 0.9238795325112867
      vertex 0.3535533905932737 -0.1464466094067265 0.9238795325112867
    endloop
  endfacet
  facet normal 0.29838370581777074 -0.15948941354586374 0.9410261904268397
    outer loop
      vertex 0.24136288805413728 -0.16127352578428164 0.9569403357322088
      vertex 0.3535533905932737 -0.1464466094067265 0.9238795325112867
      vertex 0.26818807191704236 -0.11108713665473013 0.9569403357322088
    endloop
  endfacet
  facet normal 0.32376518762506334 -0.09821309593357196 0.9410261904268395
    outer loop
      vertex 0.26818807191704236 -0.11108713665473013 0.9569403357322088
      vertex 0.3535533905932737 -0.1464466094067265 0.9238795325112867
      vertex 0.3753302775178652 -0.07465783405034278 0.9238795325112867
    endloop
  endfacet
  facet normal 0.32376518762506334 -0.09821309593357205 0.9410261904268397
    outer loop
      vertex 0.26818807191704236 -0.11108713665473013 0.9569403357322088
      vertex 0.3753302775178652 -0.07465783405034278 0.9238795325112867
      vertex 0.28470693857777907 -0.05663173116192105 0.9569403357322088
    endloop
  endfacet
  facet normal 0.3367045548415337 -0.03316250412309217 0.9410261904268395
    outer loop
      vertex 0.28470693857777907 -0.05663173116192105 0.9569403357322088
      vertex 0.3753302775178652 -0.07465783405034278 0.9238795325112867
      vertex 0.3826834323650898 -9.373040810652597e-17 0.9238795325112867
    endloop
  endfacet
  facet normal 0.33670455484153367 -0.03316250412309202 0.9410261904268397
    outer loop
      vertex 0.28470693857777907 -0.05663173116192105 0.9569403357322088
      vertex 0.3826834323650898 -9.373040810652597e-17 0.9238795325112867
      vertex 0.29028467725446233 -7.109924016823996e-17 0.9569403357322088
    endloop
  endfacet
  facet normal 0.42717650635882926 0.04207321359249166 0.9031888380139923
    outer loop
      vertex 0.3826834323650898 0.0 0.9238795325112867
      vertex 0.47139673682599764 0.0 0.881921264348355
      vertex 0.46233898070905394 0.09196494118473594 0.881921264348355
    endloop
  endfacet
  facet normal 0.42717650635882914 0.042073213592491776 0.9031888380139924
    outer loop
      vertex 0.3826834323650898 0.0 0.9238795325112867
      vertex 0.46233898070905394 0.09196494118473594 0.881921264348355
      vertex 0.37533027751786524 0.0746578340503426 0.9238795325112867
    endloop
  endfacet
  facet normal 0.41076035278280404 0.12460279077404565 0.9031888380139923
    outer loop
      vertex 0.37533027751786524 0.0746578340503426 0.9238795325112867
      vertex 0.46233898070905394 0.09196494118473594 0.881921264348355
      vertex 0.43551379684614877 0.1803957212542757 0.881921264348355
    endloop
  endfacet
  facet normal 0.4107603527828042 0.12460279077404546 0.9031888380139922
    outer loop
      vertex 0.37533027751786524 0.0746578340503426 0.9238795325112867
      vertex 0.43551379684614877 0.1803957212542757 0.881921264348355
      vertex 0.3535533905932738 0.14644660940672624 0.9238795325112867
    endloop
  endfacet
  facet normal 0.3785589092063957 0.20234395258420318 0.9031888380139923
    outer loop
      vertex 0.3535533905932738 0.14644660940672624 0.9238795325112867
      vertex 0.43551379684614877 0.1803957212542757 0.881921264348355
      vertex 0.3919520620093972 0.2618939949230996 0.881921264348355
    endloop
  endfacet
  facet normal 0.3785589092063954 0.2023439525842033 0.9031888380139924
    outer loop
      vertex 0.3535533905932738 0.14644660940672624 0.9238795325112867
      vertex 0.3919520620093972 0.2618939949230996 0.881921264348355
      vertex 0.31818964514320847 0.2126075236918141 0.9238795325112867
    endloop
  endfacet
  facet normal 0.33180965904746734 0.27230914977234544 0.9031888380139923
    outer loop
      vertex 0.31818964514320847 0.2126075236918141 0.9238795325112867
      vertex 0.3919520620093972 0.2618939949230996 0.881921264348355
      vertex 0.3333278292388733 0.3333278292388732 0.881921264348355
    endloop
  endfacet
  facet normal 0.3318096590474673 0.27230914977234544 0.9031888380139923
    outer loop
      vertex 0.31818964514320847 0.2126075236918141 0.9238795325112867
      vertex 0.3333278292388733 0.3333278292388732 0.881921264348355
      vertex 0.2705980500730985 0.27059805007309845 0.9238795325112867
    endloop
  endfacet
  facet normal 0.27230914977234566 0.3318096590474673 0.9031888380139925
    outer loop
      vertex 0.2705980500730985 0.27059805007309845 0.9238795325112867
      vertex 0.3333278292388733 0.3333278292388732 0.881921264348355
      vertex 0.26189399492309967 0.3919520620093972 0.881921264348355
    endloop
  endfacet
  facet normal 0.27230914977234566 0.33180965904746723 0.9031888380139924
    outer loop
      vertex 0.2705980500730985 0.27059805007309845 0.9238795325112867
      vertex 0.26189399492309967 0.3919520620093972 0.881921264348355
      vertex 0.21260752369181415 0.31818964514320847 0.9238795325112867
    endloop
  endfacet
  facet normal 0.20234395258420299 0.37855890920639557 0.9031888380139923
    outer loop
      vertex 0.21260752369181415 0.31818964514320847 0.9238795325112867
      vertex 0.26189399492309967 0.3919520620093972 0.881921264348355
      vertex 0.18039572125427572 0.43551379684614877 0.881921264348355
    endloop
  endfacet
  facet normal 0.20234395258420332 0.37855890920639557 0.9031888380139923
    outer loop
      vertex 0.21260752369181415 0.31818964514320847 0.9238795325112867
      vertex 0.18039572125427572 0.43551379684614877 0.881921264348355
      vertex 0.14644660940672627 0.3535533905932738 0.9238795325112867
    endloop
  endfacet
  facet normal 0.12460279077404575 0.41076035278280415 0.9031888380139923
    outer loop
      vertex 0.14644660940672627 0.3535533905932738 0.9238795325112867
      vertex 0.18039572125427572 0.43551379684614877 0.881921264348355
      vertex 0.09196494118473598 0.46233898070905394 0.881921264348355
    endloop
  endfacet
  facet normal 0.12460279077404544 0.4107603527828041 0.9031888380139924
    outer loop
      vertex 0.14644660940672627 0.3535533905932738 0.9238795325112867
      vertex 0.09196494118473598 0.46233898070905394 0.881921264348355
      vertex 0.07465783405034264 0.37533027751786524 0.9238795325112867
    endloop
  endfacet
  facet normal 0.04207321359249168 0.4271765063588291 0.9031888380139923
    outer loop
      vertex 0.07465783405034264 0.37533027751786524 0.9238795325112867
      vertex 0.09196494118473598 0.46233898070905394 0.881921264348355
      vertex 2.8864725244123264e-17 0.47139673682599764 0.881921264348355
    endloop
  endfacet
  facet normal 0.042073213592491776 0.4271765063588292 0.9031888380139923
    outer loop
      vertex 0.07465783405034264 0.37533027751786524 0.9238795325112867
      vertex 2.8864725244123264e-17 0.47139673682599764 0.881921264348355
      vertex 2.3432602026631493e-17 0.3826834323650898 0.9238795325112867
    endloop
  endfacet
  facet normal -0.04207321359249166 0.4271765063588293 0.9031888380139923
    outer loop
      vertex 2.3432602026631493e-17 0.3826834323650898 0.9238795325112867
      vertex 2.8864725244123264e-17 0.47139673682599764 0.881921264348355
      vertex -0.09196494118473592 0.46233898070905394 0.881921264348355
    endloop
  endfacet
  facet normal -0.04207321359249176 0.4271765063588291 0.9031888380139924
    outer loop
      vertex 2.3432602026631493e-17 0.3826834323650898 0.9238795325112867
      vertex -0.09196494118473592 0.46233898070905394 0.881921264348355
      vertex -0.07465783405034258 0.37533027751786524 0.9238795325112867
    endloop
  endfacet
  facet normal -0.12460279077404562 0.410760352782804 0.9031888380139923
    outer loop
      vertex -0.07465783405034258 0.37533027751786524 0.9238795325112867
      vertex -0.09196494118473592 0.46233898070905394 0.881921264348355
      vertex -0.18039572125427566 0.43551379684614877 0.881921264348355
    endloop
  endfacet
  facet normal -0.1246027907740455 0.4107603527828043 0.9031888380139923
    outer loop
      vertex -0.07465783405034258 0.37533027751786524 0.9238795325112867
      vertex -0.18039572125427566 0.43551379684614877 0.881921264348355
      vertex -0.1464466094067262 0.3535533905932738 0.9238795325112867
    endloop
  endfacet
  facet normal -0.20234395258420296 0.3785589092063958 0.9031888380139923
    outer loop
      vertex -0.1464466094067262 0.3535533905932738 0.9238795325112867
      vertex -0.18039572125427566 0.43551379684614877 0.881921264348355
      vertex -0.2618939949230995 0.3919520620093973 0.881921264348355
    endloop
  endfacet
  facet normal -0.20234395258420299 0.3785589092063957 0.9031888380139923
    outer loop
      vertex -0.1464466094067262 0.3535533905932738 0.9238795325112867
      vertex -0.2618939949230995 0.3919520620093973 0.881921264348355
      vertex -0.21260752369181402 0.3181896451432086 0.9238795325112867
    endloop
  endfacet
  facet normal -0.27230914977234555 0.33180965904746734 0.9031888380139923
    outer loop
      vertex -0.21260752369181402 0.3181896451432086 0.9238795325112867
      vertex -0.2618939949230995 0.3919520620093973 0.881921264348355
      vertex -0.3333278292388732 0.3333278292388733 0.881921264348355
    endloop
  endfacet
  facet normal -0.2723091497723456 0.3318096590474672 0.9031888380139924
    outer loop
      vertex -0.21260752369181402 0.3181896451432086 0.9238795325112867
      vertex -0.3333278292388732 0.3333278292388733 0.881921264348355
      vertex -0.27059805007309845 0.2705980500730985 0.9238795325112867
    endloop
  endfacet
  facet normal -0.3318096590474672 0.27230914977234566 0.9031888380139924
    outer loop
      vertex -0.27059805007309845 0.2705980500730985 0.9238795325112867
      vertex -0.3333278292388732 0.3333278292388733 0.881921264348355
      vertex -0.39195206200939725 0.2618939949230996 0.881921264348355
    endloop
  endfacet
  facet normal -0.3318096590474672 0.27230914977234577 0.9031888380139924
    outer loop
      vertex -0.27059805007309845 0.2705980500730985 0.9238795325112867
      vertex -0.39195206200939725 0.2618939949230996 0.881921264348355
      vertex -0.3181896451432085 0.2126075236918141 0.9238795325112867
    endloop
  endfacet
  facet normal -0.3785589092063955 0.20234395258420299 0.9031888380139923
    outer loop
      vertex -0.3181896451432085 0.2126075236918141 0.9238795325112867
      vertex -0.39195206200939725 0.2618939949230996 0.881921264348355
      vertex -0.43551379684614877 0.18039572125427575 0.881921264348355
    endloop
  endfacet
  facet normal -0.3785589092063956 0.2023439525842033 0.9031888380139924
    outer loop
      vertex -0.3181896451432085 0.2126075236918141 0.9238795325112867
      vertex -0.43551379684614877 0.18039572125427575 0.881921264348355
      vertex -0.3535533905932738 0.1464466094067263 0.9238795325112867
    endloop
  endfacet
  facet normal -0.41076035278280415 0.12460279077404589 0.9031888380139924
    outer loop
      vertex -0.3535533905932738 0.1464466094067263 0.9238795325112867
      vertex -0.43551379684614877 0.18039572125427575 0.881921264348355
      vertex -0.46233898070905394 0.09196494118473611 0.881921264348355
    endloop
  endfacet
  facet normal -0.41076035278280404 0.12460279077404555 0.9031888380139924
    outer loop
      vertex -0.3535533905932738 0.1464466094067263 0.9238795325112867
      vertex -0.46233898070905394 0.09196494118473611 0.881921264348355
      vertex -0.37533027751786524 0.07465783405034274 0.9238795325112867
    endloop
  endfacet
  facet normal -0.42717650635882914 0.04207321359249164 0.9031888380139924
    outer loop
      vertex -0.37533027751786524 0.07465783405034274 0.9238795325112867
      vertex -0.46233898070905394 0.09196494118473611 0.881921264348355
      vertex -0.47139673682599764 5.772945048824653e-17 0.881921264348355
    endloop
  endfacet
  facet normal -0.4271765063588292 0.04207321359249173 0.9031888380139924
    outer loop
      vertex -0.37533027751786524 0.07465783405034274 0.9238795325112867
      vertex -0.47139673682599764 5.772945048824653e-17 0.881921264348355
      vertex -0.3826834323650898 4.6865204053262986e-17 0.9238795325112867
    endloop
  endfacet
  facet normal -0.4271765063588293 -0.042073213592491616 0.9031888380139924
    outer loop
      vertex -0.3826834323650898 4.6865204053262986e-17 0.9238795325112867
      vertex -0.47139673682599764 5.772945048824653e-17 0.881921264348355
      vertex -0.46233898070905394 -0.091964941184736 0.881921264348355
    endloop
  endfacet
  facet normal -0.4271765063588291 -0.04207321359249173 0.9031888380139924
    outer loop
      vertex -0.3826834323650898 4.6865204053262986e-17 0.9238795325112867
      vertex -0.46233898070905394 -0.091964941184736 0.881921264348355
      vertex -0.37533027751786524 -0.07465783405034264 0.9238795325112867
    endloop
  endfacet
  facet normal -0.410760352782804 -0.12460279077404555 0.9031888380139924
    outer loop
      vertex -0.37533027751786524 -0.07465783405034264 0.9238795325112867
      vertex -0.46233898070905394 -0.091964941184736 0.881921264348355
      vertex -0.4355137968461488 -0.18039572125427564 0.881921264348355
    endloop
  endfacet
  facet normal -0.41076035278280404 -0.12460279077404554 0.9031888380139924
    outer loop
      vertex -0.37533027751786524 -0.07465783405034264 0.9238795325112867
      vertex -0.4355137968461488 -0.18039572125427564 0.881921264348355
      vertex -0.3535533905932738 -0.1464466094067262 0.9238795325112867
    endloop
  endfacet
  facet normal -0.3785589092063955 -0.20234395258420299 0.9031888380139924
    outer loop
      vertex -0.3535533905932738 -0.1464466094067262 0.9238795325112867
      vertex -0.4355137968461488 -0.18039572125427564 0.881921264348355
      vertex -0.3919520620093973 -0.2618939949230995 0.881921264348355
    endloop
  endfacet
  facet normal -0.3785589092063957 -0.20234395258420299 0.9031888380139923
    outer loop
      vertex -0.3535533905932738 -0.1464466094067262 0.9238795325112867
      vertex -0.3919520620093973 -0.2618939949230995 0.881921264348355
      vertex -0.3181896451432086 -0.21260752369181402 0.9238795325112867
    endloop
  endfacet
  facet normal -0.33180965904746756 -0.2723091497723455 0.9031888380139924
    outer loop
      vertex -0.3181896451432086 -0.21260752369181402 0.9238795325112867
      vertex -0.3919520620093973 -0.2618939949230995 0.881921264348355
      vertex -0.33332782923887333 -0.3333278292388732 0.881921264348355
    endloop
  endfacet
  facet normal -0.3318096590474674 -0.27230914977234544 0.9031888380139923
    outer loop
      vertex -0.3181896451432086 -0.21260752369181402 0.9238795325112867
      vertex -0.33332782923887333 -0.3333278292388732 0.881921264348355
      vertex -0.27059805007309856 -0.27059805007309845 0.9238795325112867
    endloop
  endfacet
  facet normal -0.2723091497723454 -0.33180965904746745 0.9031888380139924
    outer loop
      vertex -0.27059805007309856 -0.27059805007309845 0.9238795325112867
      vertex -0.33332782923887333 -0.3333278292388732 0.881921264348355
      vertex -0.2618939949230996 -0.3919520620093972 0.881921264348355
    endloop
  endfacet
  facet normal -0.2723091497723454 -0.3318096590474674 0.9031888380139925
    outer loop
      vertex -0.27059805007309856 -0.27059805007309845 0.9238795325112867
      vertex -0.2618939949230996 -0.3919520620093972 0.881921264348355
      vertex -0.2126075236918141 -0.31818964514320847 0.9238795325112867
    endloop
  endfacet
  facet normal -0.2023439525842032 -0.3785589092063954 0.9031888380139924
    outer loop
      vertex -0.2126075236918141 -0.31818964514320847 0.9238795325112867
      vertex -0.2618939949230996 -0.3919520620093972 0.881921264348355
      vertex -0.18039572125427597 -0.43551379684614866 0.881921264348355
    endloop
  endfacet
  facet normal -0.2023439525842034 -0.37855890920639546 0.9031888380139924
    outer loop
      vertex -0.2126075236918141 -0.31818964514320847 0.9238795325112867
      vertex -0.18039572125427597 -0.43551379684614866 0.881921264348355
      vertex -0.14644660940672646 -0.3535533905932737 0.9238795325112867
    endloop
  endfacet
  facet normal -0.12460279077404575 -0.410760352782804 0.9031888380139923
    outer loop
      vertex -0.14644660940672646 -0.3535533905932737 0.9238795325112867
      vertex -0.18039572125427597 -0.43551379684614866 0.881921264348355
      vertex -0.09196494118473614 -0.4623389807090539 0.881921264348355
    endloop
  endfacet
  facet normal -0.12460279077404561 -0.410760352782804 0.9031888380139924
    outer loop
      vertex -0.14644660940672646 -0.3535533905932737 0.9238795325112867
      vertex -0.09196494118473614 -0.4623389807090539 0.881921264348355
      vertex -0.07465783405034276 -0.3753302775178652 0.9238795325112867
    endloop
  endfacet
  facet normal -0.04207321359249183 -0.42717650635882914 0.9031888380139924
    outer loop
      vertex -0.07465783405034276 -0.3753302775178652 0.9238795325112867
      vertex -0.09196494118473614 -0.4623389807090539 0.881921264348355
      vertex -8.659417573236978e-17 -0.47139673682599764 0.881921264348355
    endloop
  endfacet
  facet normal -0.04207321359249205 -0.4271765063588292 0.9031888380139924
    outer loop
      vertex -0.07465783405034276 -0.3753302775178652 0.9238795325112867
      vertex -8.659417573236978e-17 -0.47139673682599764 0.881921264348355
      vertex -7.029780607989448e-17 -0.3826834323650898 0.9238795325112867
    endloop
  endfacet
  facet normal 0.04207321359249161 -0.4271765063588293 0.9031888380139924
    outer loop
      vertex -7.029780607989448e-17 -0.3826834323650898 0.9238795325112867
      vertex -8.659417573236978e-17 -0.47139673682599764 0.881921264348355
      vertex 0.09196494118473597 -0.46233898070905394 0.881921264348355
    endloop
  endfacet
  facet normal 0.04207321359249172 -0.42717650635882914 0.9031888380139924
    outer loop
      vertex -7.029780607989448e-17 -0.3826834323650898 0.9238795325112867
      vertex 0.09196494118473597 -0.46233898070905394 0.881921264348355
      vertex 0.07465783405034263 -0.37533027751786524 0.9238795325112867
    endloop
  endfacet
  facet normal 0.12460279077404579 -0.410760352782804 0.9031888380139924
    outer loop
      vertex 0.07465783405034263 -0.37533027751786524 0.9238795325112867
      vertex 0.09196494118473597 -0.46233898070905394 0.881921264348355
      vertex 0.1803957212542758 -0.4355137968461487 0.881921264348355
    endloop
  endfacet
  facet normal 0.12460279077404565 -0.41076035278280415 0.9031888380139923
    outer loop
      vertex 0.07465783405034263 -0.37533027751786524 0.9238795325112867
      vertex 0.1803957212542758 -0.4355137968461487 0.881921264348355
      vertex 0.14644660940672632 -0.35355339059327373 0.9238795325112867
    endloop
  endfacet
  facet normal 0.20234395258420312 -0.3785589092063957 0.9031888380139923
    outer loop
      vertex 0.14644660940672632 -0.35355339059327373 0.9238795325112867
      vertex 0.1803957212542758 -0.4355137968461487 0.881921264348355
      vertex 0.26189399492309945 -0.3919520620093973 0.881921264348355
    endloop
  endfacet
  facet normal 0.20234395258420312 -0.37855890920639557 0.9031888380139924
    outer loop
      vertex 0.14644660940672632 -0.35355339059327373 0.9238795325112867
      vertex 0.26189399492309945 -0.3919520620093973 0.881921264348355
      vertex 0.21260752369181396 -0.3181896451432086 0.9238795325112867
    endloop
  endfacet
  facet normal 0.2723091497723455 -0.33180965904746756 0.9031888380139924
    outer loop
      vertex 0.21260752369181396 -0.3181896451432086 0.9238795325112867
      vertex 0.26189399492309945 -0.3919520620093973 0.881921264348355
      vertex 0.33332782923887316 -0.33332782923887333 0.881921264348355
    endloop
  endfacet
  facet normal 0.2723091497723454 -0.3318096590474676 0.9031888380139924
    outer loop
      vertex 0.21260752369181396 -0.3181896451432086 0.9238795325112867
      vertex 0.33332782923887316 -0.33332782923887333 0.881921264348355
      vertex 0.27059805007309845 -0.27059805007309856 0.9238795325112867
    endloop
  endfacet
  facet normal 0.33180965904746745 -0.27230914977234566 0.9031888380139924
    outer loop
      vertex 0.27059805007309845 -0.27059805007309856 0.9238795325112867
      vertex 0.33332782923887316 -0.33332782923887333 0.881921264348355
      vertex 0.3919520620093972 -0.2618939949230996 0.881921264348355
    endloop
  endfacet
  facet normal 0.3318096590474674 -0.2723091497723454 0.9031888380139925
    outer loop
      vertex 0.27059805007309845 -0.27059805007309856 0.9238795325112867
      vertex 0.3919520620093972 -0.2618939949230996 0.881921264348355
      vertex 0.31818964514320847 -0.2126075236918141 0.9238795325112867
    endloop
  endfacet
  facet normal 0.3785589092063954 -0.2023439525842032 0.9031888380139924
    outer loop
      vertex 0.31818964514320847 -0.2126075236918141 0.9238795325112867
      vertex 0.3919520620093972 -0.2618939949230996 0.881921264348355
      vertex 0.43551379684614866 -0.18039572125427597 0.881921264348355
    endloop
  endfacet
  facet normal 0.3785589092063955 -0.20234395258420348 0.9031888380139923
    outer loop
      vertex 0.31818964514320847 -0.2126075236918141 0.9238795325112867
      vertex 0.43551379684614866 -0.18039572125427597 0.881921264348355
      vertex 0.3535533905932737 -0.1464466094067265 0.9238795325112867
    endloop
  endfacet
  facet normal 0.4107603527828041 -0.12460279077404582 0.9031888380139924
    outer loop
      vertex 0.3535533905932737 -0.1464466094067265 0.9238795325112867
      vertex 0.43551379684614866 -0.18039572125427597 0.881921264348355
      vertex 0.4623389807090539 -0.09196494118473617 0.881921264348355
    endloop
  endfacet
  facet normal 0.410760352782804 -0.12460279077404558 0.9031888380139924
    outer loop
      vertex 0.3535533905932737 -0.1464466094067265 0.9238795325112867
      vertex 0.4623389807090539 -0.09196494118473617 0.881921264348355
      vertex 0.3753302775178652 -0.07465783405034278 0.9238795325112867
    endloop
  endfacet
  facet normal 0.42717650635882914 -0.04207321359249183 0.9031888380139924
    outer loop
      vertex 0.3753302775178652 -0.07465783405034278 0.9238795325112867
      vertex 0.4623389807090539 -0.09196494118473617 0.881921264348355
      vertex 0.47139673682599764 -1.1545890097649306e-16 0.881921264348355
    endloop
  endfacet
  facet normal 0.4271765063588292 -0.042073213592492054 0.9031888380139923
    outer loop
      vertex 0.3753302775178652 -0.07465783405034278 0.9238795325112867
      vertex 0.47139673682599764 -1.1545890097649306e-16 0.881921264348355
      vertex 0.3826834323650898 -9.373040810652597e-17 0.9238795325112867
    endloop
  endfacet
  facet normal 0.5134449617244611 0.05056991482690798 0.8566311662519441
    outer loop
      vertex 0.47139673682599764 0.0 0.881921264348355
      vertex 0.5555702330196022 0.0 0.8314696123025452
      vertex 0.5448951067758185 0.1083863756623696 0.8314696123025452
    endloop
  endfacet
  facet normal 0.5134449617244614 0.05056991482690764 0.8566311662519441
    outer loop
      vertex 0.47139673682599764 0.0 0.881921264348355
      vertex 0.5448951067758185 0.1083863756623696 0.8314696123025452
      vertex 0.46233898070905394 0.09196494118473594 0.881921264348355
    endloop
  endfacet
  facet normal 0.4937135597886422 0.14976637101385987 0.8566311662519439
    outer loop
      vertex 0.46233898070905394 0.09196494118473594 0.881921264348355
      vertex 0.5448951067758185 0.1083863756623696 0.8314696123025452
      vertex 0.5132799671593367 0.2126075236918141 0.8314696123025452
    endloop
  endfacet
  facet normal 0.493713559788642 0.14976637101385998 0.8566311662519441
    outer loop
      vertex 0.46233898070905394 0.09196494118473594 0.881921264348355
      vertex 0.5132799671593367 0.2126075236918141 0.8314696123025452
      vertex 0.43551379684614877 0.1803957212542757 0.881921264348355
    endloop
  endfacet
  facet normal 0.45500902262789944 0.24320738955269794 0.8566311662519441
    outer loop
      vertex 0.43551379684614877 0.1803957212542757 0.881921264348355
      vertex 0.5132799671593367 0.2126075236918141 0.8314696123025452
      vertex 0.4619397662556433 0.3086582838174551 0.8314696123025452
    endloop
  endfacet
  facet normal 0.45500902262789933 0.243207389552698 0.8566311662519442
    outer loop
      vertex 0.43551379684614877 0.1803957212542757 0.881921264348355
      vertex 0.4619397662556433 0.3086582838174551 0.8314696123025452
      vertex 0.3919520620093972 0.2618939949230996 0.881921264348355
    endloop
  endfacet
  facet normal 0.3988187438995663 0.3273020845033013 0.8566311662519441
    outer loop
      vertex 0.3919520620093972 0.2618939949230996 0.881921264348355
      vertex 0.4619397662556433 0.3086582838174551 0.8314696123025452
      vertex 0.39284747919355106 0.392847479193551 0.8314696123025452
    endloop
  endfacet
  facet normal 0.39881874389956645 0.3273020845033012 0.8566311662519441
    outer loop
      vertex 0.3919520620093972 0.2618939949230996 0.881921264348355
      vertex 0.39284747919355106 0.392847479193551 0.8314696123025452
      vertex 0.3333278292388733 0.3333278292388732 0.881921264348355
    endloop
  endfacet
  facet normal 0.3273020845033015 0.39881874389956623 0.8566311662519441
    outer loop
      vertex 0.3333278292388733 0.3333278292388732 0.881921264348355
      vertex 0.39284747919355106 0.392847479193551 0.8314696123025452
      vertex 0.30865828381745514 0.4619397662556433 0.8314696123025452
    endloop
  endfacet
  facet normal 0.3273020845033014 0.39881874389956623 0.8566311662519441
    outer loop
      vertex 0.3333278292388733 0.3333278292388732 0.881921264348355
      vertex 0.30865828381745514 0.4619397662556433 0.8314696123025452
      vertex 0.26189399492309967 0.3919520620093972 0.881921264348355
    endloop
  endfacet
  facet normal 0.2432073895526978 0.45500902262789944 0.8566311662519441
    outer loop
      vertex 0.26189399492309967 0.3919520620093972 0.881921264348355
      vertex 0.30865828381745514 0.4619397662556433 0.8314696123025452
      vertex 0.21260752369181413 0.5132799671593367 0.8314696123025452
    endloop
  endfacet
  facet normal 0.24320738955269794 0.4550090226278994 0.856631166251944
    outer loop
      vertex 0.26189399492309967 0.3919520620093972 0.881921264348355
      vertex 0.21260752369181413 0.5132799671593367 0.8314696123025452
      vertex 0.18039572125427572 0.43551379684614877 0.881921264348355
    endloop
  endfacet
  facet normal 0.14976637101385984 0.49371355978864206 0.8566311662519441
    outer loop
      vertex 0.18039572125427572 0.43551379684614877 0.881921264348355
      vertex 0.21260752369181413 0.5132799671593367 0.8314696123025452
      vertex 0.10838637566236964 0.5448951067758185 0.8314696123025452
    endloop
  endfacet
  facet normal 0.1497663710138601 0.4937135597886422 0.8566311662519441
    outer loop
      vertex 0.18039572125427572 0.43551379684614877 0.881921264348355
      vertex 0.10838637566236964 0.5448951067758185 0.8314696123025452
      vertex 0.09196494118473598 0.46233898070905394 0.881921264348355
    endloop
  endfacet
  facet normal 0.050569914826907994 0.5134449617244613 0.8566311662519439
    outer loop
      vertex 0.09196494118473598 0.46233898070905394 0.881921264348355
      vertex 0.10838637566236964 0.5448951067758185 0.8314696123025452
      vertex 3.401886537845025e-17 0.5555702330196022 0.8314696123025452
    endloop
  endfacet
  facet normal 0.0505699148269076 0.5134449617244611 0.8566311662519442
    outer loop
      vertex 0.09196494118473598 0.46233898070905394 0.881921264348355
      vertex 3.401886537845025e-17 0.5555702330196022 0.8314696123025452
      vertex 2.8864725244123264e-17 0.47139673682599764 0.881921264348355
    endloop
  endfacet
  facet normal -0.05056991482690798 0.5134449617244611 0.8566311662519441
    outer loop
      vertex 2.8864725244123264e-17 0.47139673682599764 0.881921264348355
      vertex 3.401886537845025e-17 0.5555702330196022 0.8314696123025452
      vertex -0.10838637566236957 0.5448951067758185 0.8314696123025452
    endloop
  endfacet
  facet normal -0.05056991482690764 0.5134449617244614 0.8566311662519441
    outer loop
      vertex 2.8864725244123264e-17 0.47139673682599764 0.881921264348355
      vertex -0.10838637566236957 0.5448951067758185 0.8314696123025452
      vertex -0.09196494118473592 0.46233898070905394 0.881921264348355
    endloop
  endfacet
  facet normal -0.14976637101385987 0.4937135597886422 0.8566311662519439
    outer loop
      vertex -0.09196494118473592 0.46233898070905394 0.881921264348355
      vertex -0.10838637566236957 0.5448951067758185 0.8314696123025452
      vertex -0.21260752369181407 0.5132799671593367 0.8314696123025452
    endloop
  endfacet
  facet normal -0.14976637101385998 0.493713559788642 0.8566311662519441
    outer loop
      vertex -0.09196494118473592 0.46233898070905394 0.881921264348355
      vertex -0.21260752369181407 0.5132799671593367 0.8314696123025452
      vertex -0.18039572125427566 0.43551379684614877 0.881921264348355
    endloop
  endfacet
  facet normal -0.24320738955269758 0.4550090226278996 0.856631166251944
    outer loop
      vertex -0.18039572125427566 0.43551379684614877 0.881921264348355
      vertex -0.21260752369181407 0.5132799671593367 0.8314696123025452
      vertex -0.3086582838174549 0.4619397662556435 0.8314696123025452
    endloop
  endfacet
  facet normal -0.2432073895526977 0.4550090226278995 0.8566311662519442
    outer loop
      vertex -0.18039572125427566 0.43551379684614877 0.881921264348355
      vertex -0.3086582838174549 0.4619397662556435 0.8314696123025452
      vertex -0.2618939949230995 0.3919520620093973 0.881921264348355
    endloop
  endfacet
  facet normal -0.3273020845033013 0.39881874389956623 0.8566311662519441
    outer loop
      vertex -0.2618939949230995 0.3919520620093973 0.881921264348355
      vertex -0.3086582838174549 0.4619397662556435 0.8314696123025452
      vertex -0.392847479193551 0.39284747919355106 0.8314696123025452
    endloop
  endfacet
  facet normal -0.3273020845033013 0.39881874389956634 0.856631166251944
    outer loop
      vertex -0.2618939949230995 0.3919520620093973 0.881921264348355
      vertex -0.392847479193551 0.39284747919355106 0.8314696123025452
      vertex -0.3333278292388732 0.3333278292388733 0.881921264348355
    endloop
  endfacet
  facet normal -0.39881874389956606 0.32730208450330167 0.8566311662519441
    outer loop
      vertex -0.3333278292388732 0.3333278292388733 0.881921264348355
      vertex -0.392847479193551 0.39284747919355106 0.8314696123025452
      vertex -0.4619397662556434 0.3086582838174551 0.8314696123025452
    endloop
  endfacet
  facet normal -0.39881874389956606 0.3273020845033013 0.8566311662519444
    outer loop
      vertex -0.3333278292388732 0.3333278292388733 0.881921264348355
      vertex -0.4619397662556434 0.3086582838174551 0.8314696123025452
      vertex -0.39195206200939725 0.2618939949230996 0.881921264348355
    endloop
  endfacet
  facet normal -0.45500902262789933 0.24320738955269747 0.8566311662519442
    outer loop
      vertex -0.39195206200939725 0.2618939949230996 0.881921264348355
      vertex -0.4619397662556434 0.3086582838174551 0.8314696123025452
      vertex -0.5132799671593367 0.21260752369181415 0.8314696123025452
    endloop
  endfacet
  facet normal -0.4550090226278996 0.24320738955269794 0.856631166251944
    outer loop
      vertex -0.39195206200939725 0.2618939949230996 0.881921264348355
      vertex -0.5132799671593367 0.21260752369181415 0.8314696123025452
      vertex -0.43551379684614877 0.18039572125427575 0.881921264348355
    endloop
  endfacet
  facet normal -0.493713559788642 0.14976637101386 0.8566311662519441
    outer loop
      vertex -0.43551379684614877 0.18039572125427575 0.881921264348355
      vertex -0.5132799671593367 0.21260752369181415 0.8314696123025452
      vertex -0.5448951067758185 0.10838637566236979 0.8314696123025452
    endloop
  endfacet
  facet normal -0.4937135597886422 0.14976637101386023 0.856631166251944
    outer loop
      vertex -0.43551379684614877 0.18039572125427575 0.881921264348355
      vertex -0.5448951067758185 0.10838637566236979 0.8314696123025452
      vertex -0.46233898070905394 0.09196494118473611 0.881921264348355
    endloop
  endfacet
  facet normal -0.5134449617244613 0.050569914826907945 0.8566311662519439
    outer loop
      vertex -0.46233898070905394 0.09196494118473611 0.881921264348355
      vertex -0.5448951067758185 0.10838637566236979 0.8314696123025452
      vertex -0.5555702330196022 6.80377307569005e-17 0.8314696123025452
    endloop
  endfacet
  facet normal -0.513444961724461 0.05056991482690753 0.8566311662519441
    outer loop
      vertex -0.46233898070905394 0.09196494118473611 0.881921264348355
      vertex -0.5555702330196022 6.80377307569005e-17 0.8314696123025452
      vertex -0.47139673682599764 5.772945048824653e-17 0.881921264348355
    endloop
  endfacet
  facet normal -0.5134449617244611 -0.05056991482690792 0.8566311662519441
    outer loop
      vertex -0.47139673682599764 5.772945048824653e-17 0.881921264348355
      vertex -0.5555702330196022 6.80377307569005e-17 0.8314696123025452
      vertex -0.5448951067758185 -0.10838637566236965 0.8314696123025452
    endloop
  endfacet
  facet normal -0.5134449617244614 -0.05056991482690758 0.856631166251944
    outer loop
      vertex -0.47139673682599764 5.772945048824653e-17 0.881921264348355
      vertex -0.5448951067758185 -0.10838637566236965 0.8314696123025452
      vertex -0.46233898070905394 -0.091964941184736 0.881921264348355
    endloop
  endfacet
  facet normal -0.49371355978864223 -0.14976637101385953 0.8566311662519441
    outer loop
      vertex -0.46233898070905394 -0.091964941184736 0.881921264348355
      vertex -0.5448951067758185 -0.10838637566236965 0.8314696123025452
      vertex -0.5132799671593368 -0.21260752369181404 0.8314696123025452
    endloop
  endfacet
  facet normal -0.4937135597886419 -0.1497663710138598 0.8566311662519442
    outer loop
      vertex -0.46233898070905394 -0.091964941184736 0.881921264348355
      vertex -0.5132799671593368 -0.21260752369181404 0.8314696123025452
      vertex -0.4355137968461488 -0.18039572125427564 0.881921264348355
    endloop
  endfacet
  facet normal -0.4550090226278993 -0.24320738955269786 0.8566311662519442
    outer loop
      vertex -0.4355137968461488 -0.18039572125427564 0.881921264348355
      vertex -0.5132799671593368 -0.21260752369181404 0.8314696123025452
      vertex -0.4619397662556435 -0.3086582838174549 0.8314696123025452
    endloop
  endfacet
  facet normal -0.4550090226278994 -0.24320738955269783 0.8566311662519442
    outer loop
      vertex -0.4355137968461488 -0.18039572125427564 0.881921264348355
      vertex -0.4619397662556435 -0.3086582838174549 0.8314696123025452
      vertex -0.3919520620093973 -0.2618939949230995 0.881921264348355
    endloop
  endfacet
  facet normal -0.3988187438995664 -0.3273020845033011 0.8566311662519442
    outer loop
      vertex -0.3919520620093973 -0.2618939949230995 0.881921264348355
      vertex -0.4619397662556435 -0.3086582838174549 0.8314696123025452
      vertex -0.3928474791935511 -0.392847479193551 0.8314696123025452
    endloop
  endfacet
  facet normal -0.3988187438995666 -0.32730208450330117 0.8566311662519441
    outer loop
      vertex -0.3919520620093973 -0.2618939949230995 0.881921264348355
      vertex -0.3928474791935511 -0.392847479193551 0.8314696123025452
      vertex -0.33332782923887333 -0.3333278292388732 0.881921264348355
    endloop
  endfacet
  facet normal -0.3273020845033012 -0.39881874389956645 0.856631166251944
    outer loop
      vertex -0.33332782923887333 -0.3333278292388732 0.881921264348355
      vertex -0.3928474791935511 -0.392847479193551 0.8314696123025452
      vertex -0.3086582838174551 -0.4619397662556433 0.8314696123025452
    endloop
  endfacet
  facet normal -0.32730208450330106 -0.39881874389956645 0.8566311662519441
    outer loop
      vertex -0.33332782923887333 -0.3333278292388732 0.881921264348355
      vertex -0.3086582838174551 -0.4619397662556433 0.8314696123025452
      vertex -0.2618939949230996 -0.3919520620093972 0.881921264348355
    endloop
  endfacet
  facet normal -0.2432073895526981 -0.45500902262789933 0.8566311662519442
    outer loop
      vertex -0.2618939949230996 -0.3919520620093972 0.881921264348355
      vertex -0.3086582838174551 -0.4619397662556433 0.8314696123025452
      vertex -0.2126075236918144 -0.5132799671593365 0.8314696123025452
    endloop
  endfacet
  facet normal -0.2432073895526982 -0.4550090226278994 0.8566311662519441
    outer loop
      vertex -0.2618939949230996 -0.3919520620093972 0.881921264348355
      vertex -0.2126075236918144 -0.5132799671593365 0.8314696123025452
      vertex -0.18039572125427597 -0.43551379684614866 0.881921264348355
    endloop
  endfacet
  facet normal -0.14976637101386014 -0.49371355978864184 0.8566311662519441
    outer loop
      vertex -0.18039572125427597 -0.43551379684614866 0.881921264348355
      vertex -0.2126075236918144 -0.5132799671593365 0.8314696123025452
      vertex -0.10838637566236983 -0.5448951067758185 0.8314696123025452
    endloop
  endfacet
  facet normal -0.1497663710138601 -0.49371355978864184 0.8566311662519441
    outer loop
      vertex -0.18039572125427597 -0.43551379684614866 0.881921264348355
      vertex -0.10838637566236983 -0.5448951067758185 0.8314696123025452
      vertex -0.09196494118473614 -0.4623389807090539 0.881921264348355
    endloop
  endfacet
  facet normal -0.05056991482690791 -0.513444961724461 0.8566311662519442
    outer loop
      vertex -0.09196494118473614 -0.4623389807090539 0.881921264348355
      vertex -0.10838637566236983 -0.5448951067758185 0.8314696123025452
      vertex -1.0205659613535074e-16 -0.5555702330196022 0.8314696123025452
    endloop
  endfacet
  facet normal -0.050569914826907834 -0.513444961724461 0.8566311662519441
    outer loop
      vertex -0.09196494118473614 -0.4623389807090539 0.881921264348355
      vertex -1.0205659613535074e-16 -0.5555702330196022 0.8314696123025452
      vertex -8.659417573236978e-17 -0.47139673682599764 0.881921264348355
    endloop
  endfacet
  facet normal 0.05056991482690791 -0.513444961724461 0.8566311662519442
    outer loop
      vertex -8.659417573236978e-17 -0.47139673682599764 0.881921264348355
      vertex -1.0205659613535074e-16 -0.5555702330196022 0.8314696123025452
      vertex 0.10838637566236962 -0.5448951067758185 0.8314696123025452
    endloop
  endfacet
  facet normal 0.05056991482690758 -0.5134449617244614 0.856631166251944
    outer loop
      vertex -8.659417573236978e-17 -0.47139673682599764 0.881921264348355
      vertex 0.10838637566236962 -0.5448951067758185 0.8314696123025452
      vertex 0.09196494118473597 -0.46233898070905394 0.881921264348355
    endloop
  endfacet
  facet normal 0.14976637101385978 -0.4937135597886422 0.856631166251944
    outer loop
      vertex 0.09196494118473597 -0.46233898070905394 0.881921264348355
      vertex 0.10838637566236962 -0.5448951067758185 0.8314696123025452
      vertex 0.2126075236918142 -0.5132799671593367 0.8314696123025452
    endloop
  endfacet
  facet normal 0.14976637101386006 -0.49371355978864173 0.8566311662519442
    outer loop
      vertex 0.09196494118473597 -0.46233898070905394 0.881921264348355
      vertex 0.2126075236918142 -0.5132799671593367 0.8314696123025452
      vertex 0.1803957212542758 -0.4355137968461487 0.881921264348355
    endloop
  endfacet
  facet normal 0.2432073895526979 -0.4550090226278993 0.8566311662519444
    outer loop
      vertex 0.1803957212542758 -0.4355137968461487 0.881921264348355
      vertex 0.2126075236918142 -0.5132799671593367 0.8314696123025452
      vertex 0.30865828381745486 -0.4619397662556435 0.8314696123025452
    endloop
  endfacet
  facet normal 0.24320738955269783 -0.4550090226278993 0.8566311662519441
    outer loop
      vertex 0.1803957212542758 -0.4355137968461487 0.881921264348355
      vertex 0.30865828381745486 -0.4619397662556435 0.8314696123025452
      vertex 0.26189399492309945 -0.3919520620093973 0.881921264348355
    endloop
  endfacet
  facet normal 0.3273020845033011 -0.3988187438995664 0.8566311662519442
    outer loop
      vertex 0.26189399492309945 -0.3919520620093973 0.881921264348355
      vertex 0.30865828381745486 -0.4619397662556435 0.8314696123025452
      vertex 0.39284747919355095 -0.3928474791935511 0.8314696123025452
    endloop
  endfacet
  facet normal 0.32730208450330117 -0.3988187438995666 0.8566311662519441
    outer loop
      vertex 0.26189399492309945 -0.3919520620093973 0.881921264348355
      vertex 0.39284747919355095 -0.3928474791935511 0.8314696123025452
      vertex 0.33332782923887316 -0.33332782923887333 0.881921264348355
    endloop
  endfacet
  facet normal 0.39881874389956634 -0.3273020845033014 0.8566311662519441
    outer loop
      vertex 0.33332782923887316 -0.33332782923887333 0.881921264348355
      vertex 0.39284747919355095 -0.3928474791935511 0.8314696123025452
      vertex 0.4619397662556433 -0.3086582838174551 0.8314696123025452
    endloop
  endfacet
  facet normal 0.39881874389956634 -0.3273020845033013 0.8566311662519441
    outer loop
      vertex 0.33332782923887316 -0.33332782923887333 0.881921264348355
      vertex 0.4619397662556433 -0.3086582838174551 0.8314696123025452
      vertex 0.3919520620093972 -0.2618939949230996 0.881921264348355
    endloop
  endfacet
  facet normal 0.4550090226278992 -0.2432073895526981 0.8566311662519442
    outer loop
      vertex 0.3919520620093972 -0.2618939949230996 0.881921264348355
      vertex 0.4619397662556433 -0.3086582838174551 0.8314696123025452
      vertex 0.5132799671593365 -0.21260752369181443 0.8314696123025452
    endloop
  endfacet
  facet normal 0.4550090226278993 -0.24320738955269816 0.8566311662519441
    outer loop
      vertex 0.3919520620093972 -0.2618939949230996 0.881921264348355
      vertex 0.5132799671593365 -0.21260752369181443 0.8314696123025452
      vertex 0.43551379684614866 -0.18039572125427597 0.881921264348355
    endloop
  endfacet
  facet normal 0.49371355978864184 -0.14976637101386012 0.8566311662519441
    outer loop
      vertex 0.43551379684614866 -0.18039572125427597 0.881921264348355
      vertex 0.5132799671593365 -0.21260752369181443 0.8314696123025452
      vertex 0.5448951067758185 -0.10838637566236986 0.8314696123025452
    endloop
  endfacet
  facet normal 0.49371355978864173 -0.14976637101386012 0.8566311662519441
    outer loop
      vertex 0.43551379684614866 -0.18039572125427597 0.881921264348355
      vertex 0.5448951067758185 -0.10838637566236986 0.8314696123025452
      vertex 0.4623389807090539 -0.09196494118473617 0.881921264348355
    endloop
  endfacet
  facet normal 0.513444961724461 -0.05056991482690792 0.8566311662519441
    outer loop
      vertex 0.4623389807090539 -0.09196494118473617 0.881921264348355
      vertex 0.5448951067758185 -0.10838637566236986 0.8314696123025452
      vertex 0.5555702330196022 -1.36075461513801e-16 0.8314696123025452
    endloop
  endfacet
  facet normal 0.513444961724461 -0.050569914826907834 0.8566311662519441
    outer loop
      vertex 0.4623389807090539 -0.09196494118473617 0.881921264348355
      vertex 0.5555702330196022 -1.36075461513801e-16 0.8314696123025452
      vertex 0.47139673682599764 -1.1545890097649306e-16 0.881921264348355
    endloop
  endfacet
  facet normal 0.594676651095468 0.058570537910131386 0.801828642997241
    outer loop
      vertex 0.5555702330196022 0.0 0.8314696123025452
      vertex 0.6343932841636455 0.0 0.773010453362737
      vertex 0.6222035950943673 0.12376399009235475 0.773010453362737
    endloop
  endfacet
  facet normal 0.5946766510954676 0.058570537910131684 0.8018286429972412
    outer loop
      vertex 0.5555702330196022 0.0 0.8314696123025452
      vertex 0.6222035950943673 0.12376399009235475 0.773010453362737
      vertex 0.5448951067758185 0.1083863756623696 0.8314696123025452
    endloop
  endfacet
  facet normal 0.5718235608923771 0.1734607808052436 0.8018286429972412
    outer loop
      vertex 0.5448951067758185 0.1083863756623696 0.8314696123025452
      vertex 0.6222035950943673 0.12376399009235475 0.773010453362737
      vertex 0.5861029708014087 0.24277179945310562 0.773010453362737
    endloop
  endfacet
  facet normal 0.571823560892377 0.17346078080524366 0.8018286429972413
    outer loop
      vertex 0.5448951067758185 0.1083863756623696 0.8314696123025452
      vertex 0.5861029708014087 0.24277179945310562 0.773010453362737
      vertex 0.5132799671593367 0.2126075236918141 0.8314696123025452
    endloop
  endfacet
  facet normal 0.5269956119265394 0.28168502317193733 0.8018286429972412
    outer loop
      vertex 0.5132799671593367 0.2126075236918141 0.8314696123025452
      vertex 0.5861029708014087 0.24277179945310562 0.773010453362737
      vertex 0.5274787380308847 0.3524500247088672 0.773010453362737
    endloop
  endfacet
  facet normal 0.5269956119265399 0.2816850231719372 0.8018286429972412
    outer loop
      vertex 0.5132799671593367 0.2126075236918141 0.8314696123025452
      vertex 0.5274787380308847 0.3524500247088672 0.773010453362737
      vertex 0.4619397662556433 0.3086582838174551 0.8314696123025452
    endloop
  endfacet
  facet normal 0.46191551713690965 0.37908426806891415 0.8018286429972411
    outer loop
      vertex 0.4619397662556433 0.3086582838174551 0.8314696123025452
      vertex 0.5274787380308847 0.3524500247088672 0.773010453362737
      vertex 0.4485837931713182 0.4485837931713181 0.773010453362737
    endloop
  endfacet
  facet normal 0.4619155171369094 0.3790842680689142 0.8018286429972411
    outer loop
      vertex 0.4619397662556433 0.3086582838174551 0.8314696123025452
      vertex 0.4485837931713182 0.4485837931713181 0.773010453362737
      vertex 0.39284747919355106 0.392847479193551 0.8314696123025452
    endloop
  endfacet
  facet normal 0.3790842680689143 0.4619155171369094 0.8018286429972411
    outer loop
      vertex 0.39284747919355106 0.392847479193551 0.8314696123025452
      vertex 0.4485837931713182 0.4485837931713181 0.773010453362737
      vertex 0.35245002470886727 0.5274787380308847 0.773010453362737
    endloop
  endfacet
  facet normal 0.3790842680689145 0.4619155171369094 0.801828642997241
    outer loop
      vertex 0.39284747919355106 0.392847479193551 0.8314696123025452
      vertex 0.35245002470886727 0.5274787380308847 0.773010453362737
      vertex 0.30865828381745514 0.4619397662556433 0.8314696123025452
    endloop
  endfacet
  facet normal 0.2816850231719374 0.5269956119265397 0.8018286429972411
    outer loop
      vertex 0.30865828381745514 0.4619397662556433 0.8314696123025452
      vertex 0.35245002470886727 0.5274787380308847 0.773010453362737
      vertex 0.24277179945310565 0.5861029708014087 0.773010453362737
    endloop
  endfacet
  facet normal 0.28168502317193705 0.5269956119265395 0.8018286429972413
    outer loop
      vertex 0.30865828381745514 0.4619397662556433 0.8314696123025452
      vertex 0.24277179945310565 0.5861029708014087 0.773010453362737
      vertex 0.21260752369181413 0.5132799671593367 0.8314696123025452
    endloop
  endfacet
  facet normal 0.17346078080524358 0.5718235608923768 0.8018286429972413
    outer loop
      vertex 0.21260752369181413 0.5132799671593367 0.8314696123025452
      vertex 0.24277179945310565 0.5861029708014087 0.773010453362737
      vertex 0.12376399009235481 0.6222035950943673 0.773010453362737
    endloop
  endfacet
  facet normal 0.1734607808052437 0.571823560892377 0.8018286429972412
    outer loop
      vertex 0.21260752369181413 0.5132799671593367 0.8314696123025452
      vertex 0.12376399009235481 0.6222035950943673 0.773010453362737
      vertex 0.10838637566236964 0.5448951067758185 0.8314696123025452
    endloop
  endfacet
  facet normal 0.058570537910131316 0.5946766510954676 0.8018286429972412
    outer loop
      vertex 0.10838637566236964 0.5448951067758185 0.8314696123025452
      vertex 0.12376399009235481 0.6222035950943673 0.773010453362737
      vertex 3.8845385242579287e-17 0.6343932841636455 0.773010453362737
    endloop
  endfacet
  facet normal 0.05857053791013172 0.594676651095468 0.801828642997241
    outer loop
      vertex 0.10838637566236964 0.5448951067758185 0.8314696123025452
      vertex 3.8845385242579287e-17 0.6343932841636455 0.773010453362737
      vertex 3.401886537845025e-17 0.5555702330196022 0.8314696123025452
    endloop
  endfacet
  facet normal -0.0585705379101314 0.594676651095468 0.8018286429972409
    outer loop
      vertex 3.401886537845025e-17 0.5555702330196022 0.8314696123025452
      vertex 3.8845385242579287e-17 0.6343932841636455 0.773010453362737
      vertex -0.12376399009235471 0.6222035950943673 0.773010453362737
    endloop
  endfacet
  facet normal -0.058570537910131684 0.5946766510954676 0.8018286429972412
    outer loop
      vertex 3.401886537845025e-17 0.5555702330196022 0.8314696123025452
      vertex -0.12376399009235471 0.6222035950943673 0.773010453362737
      vertex -0.10838637566236957 0.5448951067758185 0.8314696123025452
    endloop
  endfacet
  facet normal -0.17346078080524363 0.5718235608923771 0.8018286429972412
    outer loop
      vertex -0.10838637566236957 0.5448951067758185 0.8314696123025452
      vertex -0.12376399009235471 0.6222035950943673 0.773010453362737
      vertex -0.24277179945310556 0.5861029708014087 0.773010453362737
    endloop
  endfacet
  facet normal -0.17346078080524366 0.571823560892377 0.8018286429972413
    outer loop
      vertex -0.10838637566236957 0.5448951067758185 0.8314696123025452
      vertex -0.24277179945310556 0.5861029708014087 0.773010453362737
      vertex -0.21260752369181407 0.5132799671593367 0.8314696123025452
    endloop
  endfacet
  facet normal -0.28168502317193705 0.5269956119265397 0.8018286429972411
    outer loop
      vertex -0.21260752369181407 0.5132799671593367 0.8314696123025452
      vertex -0.24277179945310556 0.5861029708014087 0.773010453362737
      vertex -0.3524500247088671 0.5274787380308849 0.773010453362737
    endloop
  endfacet
  facet normal -0.28168502317193694 0.5269956119265401 0.8018286429972409
    outer loop
      vertex -0.21260752369181407 0.5132799671593367 0.8314696123025452
      vertex -0.3524500247088671 0.5274787380308849 0.773010453362737
      vertex -0.3086582838174549 0.4619397662556435 0.8314696123025452
    endloop
  endfacet
  facet normal -0.3790842680689143 0.4619155171369096 0.801828642997241
    outer loop
      vertex -0.3086582838174549 0.4619397662556435 0.8314696123025452
      vertex -0.3524500247088671 0.5274787380308849 0.773010453362737
      vertex -0.4485837931713181 0.4485837931713182 0.773010453362737
    endloop
  endfacet
  facet normal -0.3790842680689143 0.4619155171369094 0.8018286429972411
    outer loop
      vertex -0.3086582838174549 0.4619397662556435 0.8314696123025452
      vertex -0.4485837931713181 0.4485837931713182 0.773010453362737
      vertex -0.392847479193551 0.39284747919355106 0.8314696123025452
    endloop
  endfacet
  facet normal -0.4619155171369094 0.37908426806891415 0.8018286429972411
    outer loop
      vertex -0.392847479193551 0.39284747919355106 0.8314696123025452
      vertex -0.4485837931713181 0.4485837931713182 0.773010453362737
      vertex -0.5274787380308847 0.3524500247088672 0.773010453362737
    endloop
  endfacet
  facet normal -0.4619155171369096 0.379084268068915 0.8018286429972407
    outer loop
      vertex -0.392847479193551 0.39284747919355106 0.8314696123025452
      vertex -0.5274787380308847 0.3524500247088672 0.773010453362737
      vertex -0.4619397662556434 0.3086582838174551 0.8314696123025452
    endloop
  endfacet
  facet normal -0.52699561192654 0.28168502317193783 0.8018286429972407
    outer loop
      vertex -0.4619397662556434 0.3086582838174551 0.8314696123025452
      vertex -0.5274787380308847 0.3524500247088672 0.773010453362737
      vertex -0.5861029708014087 0.24277179945310567 0.773010453362737
    endloop
  endfacet
  facet normal -0.5269956119265398 0.2816850231719368 0.8018286429972412
    outer loop
      vertex -0.4619397662556434 0.3086582838174551 0.8314696123025452
      vertex -0.5861029708014087 0.24277179945310567 0.773010453362737
      vertex -0.5132799671593367 0.21260752369181415 0.8314696123025452
    endloop
  endfacet
  facet normal -0.5718235608923768 0.17346078080524374 0.8018286429972413
    outer loop
      vertex -0.5132799671593367 0.21260752369181415 0.8314696123025452
      vertex -0.5861029708014087 0.24277179945310567 0.773010453362737
      vertex -0.6222035950943673 0.12376399009235498 0.773010453362737
    endloop
  endfacet
  facet normal -0.5718235608923768 0.17346078080524388 0.8018286429972412
    outer loop
      vertex -0.5132799671593367 0.21260752369181415 0.8314696123025452
      vertex -0.6222035950943673 0.12376399009235498 0.773010453362737
      vertex -0.5448951067758185 0.10838637566236979 0.8314696123025452
    endloop
  endfacet
  facet normal -0.5946766510954677 0.05857053791013126 0.8018286429972412
    outer loop
      vertex -0.5448951067758185 0.10838637566236979 0.8314696123025452
      vertex -0.6222035950943673 0.12376399009235498 0.773010453362737
      vertex -0.6343932841636455 7.769077048515857e-17 0.773010453362737
    endloop
  endfacet
  facet normal -0.594676651095468 0.058570537910131656 0.801828642997241
    outer loop
      vertex -0.5448951067758185 0.10838637566236979 0.8314696123025452
      vertex -0.6343932841636455 7.769077048515857e-17 0.773010453362737
      vertex -0.5555702330196022 6.80377307569005e-17 0.8314696123025452
    endloop
  endfacet
  facet normal -0.594676651095468 -0.05857053791013132 0.8018286429972409
    outer loop
      vertex -0.5555702330196022 6.80377307569005e-17 0.8314696123025452
      vertex -0.6343932841636455 7.769077048515857e-17 0.773010453362737
      vertex -0.6222035950943673 -0.12376399009235482 0.773010453362737
    endloop
  endfacet
  facet normal -0.5946766510954676 -0.05857053791013162 0.8018286429972412
    outer loop
      vertex -0.5555702330196022 6.80377307569005e-17 0.8314696123025452
      vertex -0.6222035950943673 -0.12376399009235482 0.773010453362737
      vertex -0.5448951067758185 -0.10838637566236965 0.8314696123025452
    endloop
  endfacet
  facet normal -0.571823560892377 -0.1734607808052438 0.8018286429972411
    outer loop
      vertex -0.5448951067758185 -0.10838637566236965 0.8314696123025452
      vertex -0.6222035950943673 -0.12376399009235482 0.773010453362737
      vertex -0.5861029708014087 -0.24277179945310554 0.773010453362737
    endloop
  endfacet
  facet normal -0.5718235608923776 -0.17346078080524346 0.8018286429972409
    outer loop
      vertex -0.5448951067758185 -0.10838637566236965 0.8314696123025452
      vertex -0.5861029708014087 -0.24277179945310554 0.773010453362737
      vertex -0.5132799671593368 -0.21260752369181404 0.8314696123025452
    endloop
  endfacet
  facet normal -0.5269956119265402 -0.2816850231719372 0.8018286429972409
    outer loop
      vertex -0.5132799671593368 -0.21260752369181404 0.8314696123025452
      vertex -0.5861029708014087 -0.24277179945310554 0.773010453362737
      vertex -0.5274787380308849 -0.3524500247088671 0.773010453362737
    endloop
  endfacet
  facet normal -0.5269956119265399 -0.28168502317193733 0.8018286429972409
    outer loop
      vertex -0.5132799671593368 -0.21260752369181404 0.8314696123025452
      vertex -0.5274787380308849 -0.3524500247088671 0.773010453362737
      vertex -0.4619397662556435 -0.3086582838174549 0.8314696123025452
    endloop
  endfacet
  facet normal -0.46191551713690965 -0.3790842680689141 0.801828642997241
    outer loop
      vertex -0.4619397662556435 -0.3086582838174549 0.8314696123025452
      vertex -0.5274787380308849 -0.3524500247088671 0.773010453362737
      vertex -0.44858379317131825 -0.4485837931713181 0.773010453362737
    endloop
  endfacet
  facet normal -0.4619155171369095 -0.37908426806891404 0.801828642997241
    outer loop
      vertex -0.4619397662556435 -0.3086582838174549 0.8314696123025452
      vertex -0.44858379317131825 -0.4485837931713181 0.773010453362737
      vertex -0.3928474791935511 -0.392847479193551 0.8314696123025452
    endloop
  endfacet
  facet normal -0.37908426806891404 -0.4619155171369096 0.8018286429972411
    outer loop
      vertex -0.3928474791935511 -0.392847479193551 0.8314696123025452
      vertex -0.44858379317131825 -0.4485837931713181 0.773010453362737
      vertex -0.3524500247088672 -0.5274787380308847 0.773010453362737
    endloop
  endfacet
  facet normal -0.3790842680689141 -0.4619155171369096 0.801828642997241
    outer loop
      vertex -0.3928474791935511 -0.392847479193551 0.8314696123025452
      vertex -0.3524500247088672 -0.5274787380308847 0.773010453362737
      vertex -0.3086582838174551 -0.4619397662556433 0.8314696123025452
    endloop
  endfacet
  facet normal -0.2816850231719373 -0.5269956119265398 0.801828642997241
    outer loop
      vertex -0.3086582838174551 -0.4619397662556433 0.8314696123025452
      vertex -0.3524500247088672 -0.5274787380308847 0.773010453362737
      vertex -0.24277179945310595 -0.5861029708014085 0.773010453362737
    endloop
  endfacet
  facet normal -0.28168502317193755 -0.5269956119265399 0.8018286429972409
    outer loop
      vertex -0.3086582838174551 -0.4619397662556433 0.8314696123025452
      vertex -0.24277179945310595 -0.5861029708014085 0.773010453362737
      vertex -0.2126075236918144 -0.5132799671593365 0.8314696123025452
    endloop
  endfacet
  facet normal -0.1734607808052441 -0.5718235608923772 0.8018286429972409
    outer loop
      vertex -0.2126075236918144 -0.5132799671593365 0.8314696123025452
      vertex -0.24277179945310595 -0.5861029708014085 0.773010453362737
      vertex -0.12376399009235502 -0.6222035950943672 0.773010453362737
    endloop
  endfacet
  facet normal -0.17346078080524427 -0.5718235608923773 0.8018286429972408
    outer loop
      vertex -0.2126075236918144 -0.5132799671593365 0.8314696123025452
      vertex -0.12376399009235502 -0.6222035950943672 0.773010453362737
      vertex -0.10838637566236983 -0.5448951067758185 0.8314696123025452
    endloop
  endfacet
  facet normal -0.05857053791013187 -0.5946766510954681 0.8018286429972409
    outer loop
      vertex -0.10838637566236983 -0.5448951067758185 0.8314696123025452
      vertex -0.12376399009235502 -0.6222035950943672 0.773010453362737
      vertex -1.1653615572773786e-16 -0.6343932841636455 0.773010453362737
    endloop
  endfacet
  facet normal -0.05857053791013165 -0.594676651095468 0.8018286429972411
    outer loop
      vertex -0.10838637566236983 -0.5448951067758185 0.8314696123025452
      vertex -1.1653615572773786e-16 -0.6343932841636455 0.773010453362737
      vertex -1.0205659613535074e-16 -0.5555702330196022 0.8314696123025452
    endloop
  endfacet
  facet normal 0.05857053791013132 -0.594676651095468 0.801828642997241
    outer loop
      vertex -1.0205659613535074e-16 -0.5555702330196022 0.8314696123025452
      vertex -1.1653615572773786e-16 -0.6343932841636455 0.773010453362737
      vertex 0.12376399009235478 -0.6222035950943673 0.773010453362737
    endloop
  endfacet
  facet normal 0.05857053791013162 -0.5946766510954676 0.8018286429972412
    outer loop
      vertex -1.0205659613535074e-16 -0.5555702330196022 0.8314696123025452
      vertex 0.12376399009235478 -0.6222035950943673 0.773010453362737
      vertex 0.10838637566236962 -0.5448951067758185 0.8314696123025452
    endloop
  endfacet
  facet normal 0.17346078080524394 -0.571823560892377 0.8018286429972411
    outer loop
      vertex 0.10838637566236962 -0.5448951067758185 0.8314696123025452
      vertex 0.12376399009235478 -0.6222035950943673 0.773010453362737
      vertex 0.24277179945310576 -0.5861029708014086 0.773010453362737
    endloop
  endfacet
  facet normal 0.17346078080524366 -0.5718235608923774 0.801828642997241
    outer loop
      vertex 0.10838637566236962 -0.5448951067758185 0.8314696123025452
      vertex 0.24277179945310576 -0.5861029708014086 0.773010453362737
      vertex 0.2126075236918142 -0.5132799671593367 0.8314696123025452
    endloop
  endfacet
  facet normal 0.28168502317193744 -0.5269956119265399 0.8018286429972409
    outer loop
      vertex 0.2126075236918142 -0.5132799671593367 0.8314696123025452
      vertex 0.24277179945310576 -0.5861029708014086 0.773010453362737
      vertex 0.352450024708867 -0.5274787380308849 0.773010453362737
    endloop
  endfacet
  facet normal 0.28168502317193744 -0.52699561192654 0.8018286429972409
    outer loop
      vertex 0.2126075236918142 -0.5132799671593367 0.8314696123025452
      vertex 0.352450024708867 -0.5274787380308849 0.773010453362737
      vertex 0.30865828381745486 -0.4619397662556435 0.8314696123025452
    endloop
  endfacet
  facet normal 0.37908426806891404 -0.46191551713690987 0.8018286429972409
    outer loop
      vertex 0.30865828381745486 -0.4619397662556435 0.8314696123025452
      vertex 0.352450024708867 -0.5274787380308849 0.773010453362737
      vertex 0.448583793171318 -0.44858379317131825 0.773010453362737
    endloop
  endfacet
  facet normal 0.37908426806891404 -0.4619155171369095 0.801828642997241
    outer loop
      vertex 0.30865828381745486 -0.4619397662556435 0.8314696123025452
      vertex 0.448583793171318 -0.44858379317131825 0.773010453362737
      vertex 0.39284747919355095 -0.3928474791935511 0.8314696123025452
    endloop
  endfacet
  facet normal 0.4619155171369095 -0.3790842680689142 0.8018286429972412
    outer loop
      vertex 0.39284747919355095 -0.3928474791935511 0.8314696123025452
      vertex 0.448583793171318 -0.44858379317131825 0.773010453362737
      vertex 0.5274787380308847 -0.3524500247088672 0.773010453362737
    endloop
  endfacet
  facet normal 0.4619155171369095 -0.3790842680689143 0.8018286429972411
    outer loop
      vertex 0.39284747919355095 -0.3928474791935511 0.8314696123025452
      vertex 0.5274787380308847 -0.3524500247088672 0.773010453362737
      vertex 0.4619397662556433 -0.3086582838174551 0.8314696123025452
    endloop
  endfacet
  facet normal 0.5269956119265397 -0.2816850231719374 0.8018286429972411
    outer loop
      vertex 0.4619397662556433 -0.3086582838174551 0.8314696123025452
      vertex 0.5274787380308847 -0.3524500247088672 0.773010453362737
      vertex 0.5861029708014085 -0.242771799453106 0.773010453362737
    endloop
  endfacet
  facet normal 0.5269956119265398 -0.28168502317193755 0.801828642997241
    outer loop
      vertex 0.4619397662556433 -0.3086582838174551 0.8314696123025452
      vertex 0.5861029708014085 -0.242771799453106 0.773010453362737
      vertex 0.5132799671593365 -0.21260752369181443 0.8314696123025452
    endloop
  endfacet
  facet normal 0.5718235608923772 -0.17346078080524405 0.8018286429972409
    outer loop
      vertex 0.5132799671593365 -0.21260752369181443 0.8314696123025452
      vertex 0.5861029708014085 -0.242771799453106 0.773010453362737
      vertex 0.6222035950943672 -0.12376399009235504 0.773010453362737
    endloop
  endfacet
  facet normal 0.5718235608923773 -0.17346078080524427 0.8018286429972408
    outer loop
      vertex 0.5132799671593365 -0.21260752369181443 0.8314696123025452
      vertex 0.6222035950943672 -0.12376399009235504 0.773010453362737
      vertex 0.5448951067758185 -0.10838637566236986 0.8314696123025452
    endloop
  endfacet
  facet normal 0.5946766510954681 -0.05857053791013187 0.8018286429972409
    outer loop
      vertex 0.5448951067758185 -0.10838637566236986 0.8314696123025452
      vertex 0.6222035950943672 -0.12376399009235504 0.773010453362737
      vertex 0.6343932841636455 -1.5538154097031715e-16 0.773010453362737
    endloop
  endfacet
  facet normal 0.594676651095468 -0.058570537910131656 0.801828642997241
    outer loop
      vertex 0.5448951067758185 -0.10838637566236986 0.8314696123025452
      vertex 0.6343932841636455 -1.5538154097031715e-16 0.773010453362737
      vertex 0.5555702330196022 -1.36075461513801e-16 0.8314696123025452
    endloop
  endfacet
  facet normal 0.6700947664778216 0.06599857393269203 0.7393356424371036
    outer loop
      vertex 0.6343932841636455 0.0 0.773010453362737
      vertex 0.7071067811865475 0.0 0.7071067811865476
      vertex 0.6935199226610737 0.13794968964147147 0.7071067811865476
    endloop
  endfacet
  facet normal 0.6700947664778217 0.06599857393269196 0.7393356424371035
    outer loop
      vertex 0.6343932841636455 0.0 0.773010453362737
      vertex 0.6935199226610737 0.13794968964147147 0.7071067811865476
      vertex 0.6222035950943673 0.12376399009235475 0.773010453362737
    endloop
  endfacet
  facet normal 0.6443434003955534 0.19545943361426912 0.7393356424371035
    outer loop
      vertex 0.6222035950943673 0.12376399009235475 0.773010453362737
      vertex 0.6935199226610737 0.13794968964147147 0.7071067811865476
      vertex 0.6532814824381882 0.27059805007309845 0.7071067811865476
    endloop
  endfacet
  facet normal 0.6443434003955537 0.19545943361426898 0.7393356424371034
    outer loop
      vertex 0.6222035950943673 0.12376399009235475 0.773010453362737
      vertex 0.6532814824381882 0.27059805007309845 0.7071067811865476
      vertex 0.5861029708014087 0.24277179945310562 0.773010453362737
    endloop
  endfacet
  facet normal 0.5938302787880263 0.31740889687696316 0.7393356424371033
    outer loop
      vertex 0.5861029708014087 0.24277179945310562 0.773010453362737
      vertex 0.6532814824381882 0.27059805007309845 0.7071067811865476
      vertex 0.5879378012096793 0.392847479193551 0.7071067811865476
    endloop
  endfacet
  facet normal 0.5938302787880261 0.31740889687696333 0.7393356424371036
    outer loop
      vertex 0.5861029708014087 0.24277179945310562 0.773010453362737
      vertex 0.5879378012096793 0.392847479193551 0.7071067811865476
      vertex 0.5274787380308847 0.3524500247088672 0.773010453362737
    endloop
  endfacet
  facet normal 0.5204965925905319 0.4271605142376355 0.7393356424371036
    outer loop
      vertex 0.5274787380308847 0.3524500247088672 0.773010453362737
      vertex 0.5879378012096793 0.392847479193551 0.7071067811865476
      vertex 0.5 0.4999999999999999 0.7071067811865476
    endloop
  endfacet
  facet normal 0.520496592590532 0.4271605142376355 0.7393356424371036
    outer loop
      vertex 0.5274787380308847 0.3524500247088672 0.773010453362737
      vertex 0.5 0.4999999999999999 0.7071067811865476
      vertex 0.4485837931713182 0.4485837931713181 0.773010453362737
    endloop
  endfacet
  facet normal 0.42716051423763585 0.5204965925905317 0.7393356424371035
    outer loop
      vertex 0.4485837931713182 0.4485837931713181 0.773010453362737
      vertex 0.5 0.4999999999999999 0.7071067811865476
      vertex 0.3928474791935511 0.5879378012096793 0.7071067811865476
    endloop
  endfacet
  facet normal 0.42716051423763557 0.5204965925905316 0.7393356424371038
    outer loop
      vertex 0.4485837931713182 0.4485837931713181 0.773010453362737
      vertex 0.3928474791935511 0.5879378012096793 0.7071067811865476
      vertex 0.35245002470886727 0.5274787380308847 0.773010453362737
    endloop
  endfacet
  facet normal 0.31740889687696283 0.5938302787880261 0.7393356424371037
    outer loop
      vertex 0.35245002470886727 0.5274787380308847 0.773010453362737
      vertex 0.3928474791935511 0.5879378012096793 0.7071067811865476
      vertex 0.2705980500730985 0.6532814824381882 0.7071067811865476
    endloop
  endfacet
  facet normal 0.31740889687696333 0.5938302787880262 0.7393356424371033
    outer loop
      vertex 0.35245002470886727 0.5274787380308847 0.773010453362737
      vertex 0.2705980500730985 0.6532814824381882 0.7071067811865476
      vertex 0.24277179945310565 0.5861029708014087 0.773010453362737
    endloop
  endfacet
  facet normal 0.19545943361426915 0.6443434003955536 0.7393356424371033
    outer loop
      vertex 0.24277179945310565 0.5861029708014087 0.773010453362737
      vertex 0.2705980500730985 0.6532814824381882 0.7071067811865476
      vertex 0.13794968964147153 0.6935199226610737 0.7071067811865476
    endloop
  endfacet
  facet normal 0.19545943361426896 0.6443434003955535 0.7393356424371037
    outer loop
      vertex 0.24277179945310565 0.5861029708014087 0.773010453362737
      vertex 0.13794968964147153 0.6935199226610737 0.7071067811865476
      vertex 0.12376399009235481 0.6222035950943673 0.773010453362737
    endloop
  endfacet
  facet normal 0.06599857393269203 0.6700947664778216 0.7393356424371036
    outer loop
      vertex 0.12376399009235481 0.6222035950943673 0.773010453362737
      vertex 0.13794968964147153 0.6935199226610737 0.7071067811865476
      vertex 4.329780281177466e-17 0.7071067811865475 0.7071067811865476
    endloop
  endfacet
  facet normal 0.06599857393269194 0.6700947664778215 0.7393356424371036
    outer loop
      vertex 0.12376399009235481 0.6222035950943673 0.773010453362737
      vertex 4.329780281177466e-17 0.7071067811865475 0.7071067811865476
      vertex 3.8845385242579287e-17 0.6343932841636455 0.773010453362737
    endloop
  endfacet
  facet normal -0.06599857393269203 0.6700947664778216 0.7393356424371036
    outer loop
      vertex 3.8845385242579287e-17 0.6343932841636455 0.773010453362737
      vertex 4.329780281177466e-17 0.7071067811865475 0.7071067811865476
      vertex -0.13794968964147145 0.6935199226610737 0.7071067811865476
    endloop
  endfacet
  facet normal -0.06599857393269196 0.6700947664778217 0.7393356424371035
    outer loop
      vertex 3.8845385242579287e-17 0.6343932841636455 0.773010453362737
      vertex -0.13794968964147145 0.6935199226610737 0.7071067811865476
      vertex -0.12376399009235471 0.6222035950943673 0.773010453362737
    endloop
  endfacet
  facet normal -0.1954594336142691 0.6443434003955535 0.7393356424371035
    outer loop
      vertex -0.12376399009235471 0.6222035950943673 0.773010453362737
      vertex -0.13794968964147145 0.6935199226610737 0.7071067811865476
      vertex -0.27059805007309845 0.6532814824381882 0.7071067811865476
    endloop
  endfacet
  facet normal -0.19545943361426898 0.6443434003955537 0.7393356424371034
    outer loop
      vertex -0.12376399009235471 0.6222035950943673 0.773010453362737
      vertex -0.27059805007309845 0.6532814824381882 0.7071067811865476
      vertex -0.24277179945310556 0.5861029708014087 0.773010453362737
    endloop
  endfacet
  facet normal -0.31740889687696305 0.5938302787880263 0.7393356424371035
    outer loop
      vertex -0.24277179945310556 0.5861029708014087 0.773010453362737
      vertex -0.27059805007309845 0.6532814824381882 0.7071067811865476
      vertex -0.39284747919355084 0.5879378012096794 0.7071067811865476
    endloop
  endfacet
  facet normal -0.317408896876963 0.5938302787880263 0.7393356424371035
    outer loop
      vertex -0.24277179945310556 0.5861029708014087 0.773010453362737
      vertex -0.39284747919355084 0.5879378012096794 0.7071067811865476
      vertex -0.3524500247088671 0.5274787380308849 0.773010453362737
    endloop
  endfacet
  facet normal -0.42716051423763557 0.5204965925905322 0.7393356424371035
    outer loop
      vertex -0.3524500247088671 0.5274787380308849 0.773010453362737
      vertex -0.39284747919355084 0.5879378012096794 0.7071067811865476
      vertex -0.4999999999999999 0.5 0.7071067811865476
    endloop
  endfacet
  facet normal -0.42716051423763557 0.5204965925905319 0.7393356424371035
    outer loop
      vertex -0.3524500247088671 0.5274787380308849 0.773010453362737
      vertex -0.4999999999999999 0.5 0.7071067811865476
      vertex -0.4485837931713181 0.4485837931713182 0.773010453362737
    endloop
  endfacet
  facet normal -0.5204965925905316 0.42716051423763585 0.7393356424371036
    outer loop
      vertex -0.4485837931713181 0.4485837931713182 0.773010453362737
      vertex -0.4999999999999999 0.5 0.7071067811865476
      vertex -0.5879378012096794 0.392847479193551 0.7071067811865476
    endloop
  endfacet
  facet normal -0.5204965925905316 0.4271605142376353 0.7393356424371039
    outer loop
      vertex -0.4485837931713181 0.4485837931713182 0.773010453362737
      vertex -0.5879378012096794 0.392847479193551 0.7071067811865476
      vertex -0.5274787380308847 0.3524500247088672 0.773010453362737
    endloop
  endfacet
  facet normal -0.5938302787880259 0.31740889687696267 0.739335642437104
    outer loop
      vertex -0.5274787380308847 0.3524500247088672 0.773010453362737
      vertex -0.5879378012096794 0.392847479193551 0.7071067811865476
      vertex -0.6532814824381882 0.27059805007309856 0.7071067811865476
    endloop
  endfacet
  facet normal -0.593830278788026 0.31740889687696344 0.7393356424371034
    outer loop
      vertex -0.5274787380308847 0.3524500247088672 0.773010453362737
      vertex -0.6532814824381882 0.27059805007309856 0.7071067811865476
      vertex -0.5861029708014087 0.24277179945310567 0.773010453362737
    endloop
  endfacet
  facet normal -0.6443434003955535 0.19545943361426932 0.7393356424371034
    outer loop
      vertex -0.5861029708014087 0.24277179945310567 0.773010453362737
      vertex -0.6532814824381882 0.27059805007309856 0.7071067811865476
      vertex -0.6935199226610737 0.13794968964147172 0.7071067811865476
    endloop
  endfacet
  facet normal -0.6443434003955534 0.19545943361426915 0.7393356424371036
    outer loop
      vertex -0.5861029708014087 0.24277179945310567 0.773010453362737
      vertex -0.6935199226610737 0.13794968964147172 0.7071067811865476
      vertex -0.6222035950943673 0.12376399009235498 0.773010453362737
    endloop
  endfacet
  facet normal -0.6700947664778217 0.06599857393269196 0.7393356424371036
    outer loop
      vertex -0.6222035950943673 0.12376399009235498 0.773010453362737
      vertex -0.6935199226610737 0.13794968964147172 0.7071067811865476
      vertex -0.7071067811865475 8.659560562354932e-17 0.7071067811865476
    endloop
  endfacet
  facet normal -0.6700947664778216 0.06599857393269187 0.7393356424371036
    outer loop
      vertex -0.6222035950943673 0.12376399009235498 0.773010453362737
      vertex -0.7071067811865475 8.659560562354932e-17 0.7071067811865476
      vertex -0.6343932841636455 7.769077048515857e-17 0.773010453362737
    endloop
  endfacet
  facet normal -0.6700947664778216 -0.06599857393269194 0.7393356424371036
    outer loop
      vertex -0.6343932841636455 7.769077048515857e-17 0.773010453362737
      vertex -0.7071067811865475 8.659560562354932e-17 0.7071067811865476
      vertex -0.6935199226610737 -0.13794968964147156 0.7071067811865476
    endloop
  endfacet
  facet normal -0.6700947664778217 -0.06599857393269187 0.7393356424371036
    outer loop
      vertex -0.6343932841636455 7.769077048515857e-17 0.773010453362737
      vertex -0.6935199226610737 -0.13794968964147156 0.7071067811865476
      vertex -0.6222035950943673 -0.12376399009235482 0.773010453362737
    endloop
  endfacet
  facet normal -0.6443434003955535 -0.19545943361426882 0.7393356424371035
    outer loop
      vertex -0.6222035950943673 -0.12376399009235482 0.773010453362737
      vertex -0.6935199226610737 -0.13794968964147156 0.7071067811865476
      vertex -0.6532814824381883 -0.2705980500730984 0.7071067811865476
    endloop
  endfacet
  facet normal -0.6443434003955532 -0.19545943361426904 0.7393356424371038
    outer loop
      vertex -0.6222035950943673 -0.12376399009235482 0.773010453362737
      vertex -0.6532814824381883 -0.2705980500730984 0.7071067811865476
      vertex -0.5861029708014087 -0.24277179945310554 0.773010453362737
    endloop
  endfacet
  facet normal -0.5938302787880257 -0.31740889687696316 0.7393356424371038
    outer loop
      vertex -0.5861029708014087 -0.24277179945310554 0.773010453362737
      vertex -0.6532814824381883 -0.2705980500730984 0.7071067811865476
      vertex -0.5879378012096794 -0.39284747919355084 0.7071067811865476
    endloop
  endfacet
  facet normal -0.5938302787880263 -0.31740889687696294 0.7393356424371034
    outer loop
      vertex -0.5861029708014087 -0.24277179945310554 0.773010453362737
      vertex -0.5879378012096794 -0.39284747919355084 0.7071067811865476
      vertex -0.5274787380308849 -0.3524500247088671 0.773010453362737
    endloop
  endfacet
  facet normal -0.5204965925905324 -0.42716051423763524 0.7393356424371035
    outer loop
      vertex -0.5274787380308849 -0.3524500247088671 0.773010453362737
      vertex -0.5879378012096794 -0.39284747919355084 0.7071067811865476
      vertex -0.5000000000000001 -0.4999999999999999 0.7071067811865476
    endloop
  endfacet
  facet normal -0.5204965925905318 -0.4271605142376351 0.7393356424371037
    outer loop
      vertex -0.5274787380308849 -0.3524500247088671 0.773010453362737
      vertex -0.5000000000000001 -0.4999999999999999 0.7071067811865476
      vertex -0.44858379317131825 -0.4485837931713181 0.773010453362737
    endloop
  endfacet
  facet normal -0.4271605142376352 -0.5204965925905319 0.7393356424371037
    outer loop
      vertex -0.44858379317131825 -0.4485837931713181 0.773010453362737
      vertex -0.5000000000000001 -0.4999999999999999 0.7071067811865476
      vertex -0.392847479193551 -0.5879378012096793 0.7071067811865476
    endloop
  endfacet
  facet normal -0.42716051423763535 -0.520496592590532 0.7393356424371036
    outer loop
      vertex -0.44858379317131825 -0.4485837931713181 0.773010453362737
      vertex -0.392847479193551 -0.5879378012096793 0.7071067811865476
      vertex -0.3524500247088672 -0.5274787380308847 0.773010453362737
    endloop
  endfacet
  facet normal -0.3174088968769635 -0.593830278788026 0.7393356424371036
    outer loop
      vertex -0.3524500247088672 -0.5274787380308847 0.773010453362737
      vertex -0.392847479193551 -0.5879378012096793 0.7071067811865476
      vertex -0.2705980500730989 -0.6532814824381881 0.7071067811865476
    endloop
  endfacet
  facet normal -0.3174088968769629 -0.5938302787880257 0.739335642437104
    outer loop
      vertex -0.3524500247088672 -0.5274787380308847 0.773010453362737
      vertex -0.2705980500730989 -0.6532814824381881 0.7071067811865476
      vertex -0.24277179945310595 -0.5861029708014085 0.773010453362737
    endloop
  endfacet
  facet normal -0.19545943361426885 -0.644343400395553 0.7393356424371039
    outer loop
      vertex -0.24277179945310595 -0.5861029708014085 0.773010453362737
      vertex -0.2705980500730989 -0.6532814824381881 0.7071067811865476
      vertex -0.13794968964147178 -0.6935199226610735 0.7071067811865476
    endloop
  endfacet
  facet normal -0.19545943361426932 -0.6443434003955534 0.7393356424371036
    outer loop
      vertex -0.24277179945310595 -0.5861029708014085 0.773010453362737
      vertex -0.13794968964147178 -0.6935199226610735 0.7071067811865476
      vertex -0.12376399009235502 -0.6222035950943672 0.773010453362737
    endloop
  endfacet
  facet normal -0.06599857393269244 -0.6700947664778216 0.7393356424371036
    outer loop
      vertex -0.12376399009235502 -0.6222035950943672 0.773010453362737
      vertex -0.13794968964147178 -0.6935199226610735 0.7071067811865476
      vertex -1.2989340843532398e-16 -0.7071067811865475 0.7071067811865476
    endloop
  endfacet
  facet normal -0.06599857393269247 -0.6700947664778216 0.7393356424371036
    outer loop
      vertex -0.12376399009235502 -0.6222035950943672 0.773010453362737
      vertex -1.2989340843532398e-16 -0.7071067811865475 0.7071067811865476
      vertex -1.1653615572773786e-16 -0.6343932841636455 0.773010453362737
    endloop
  endfacet
  facet normal 0.06599857393269194 -0.6700947664778216 0.7393356424371035
    outer loop
      vertex -1.1653615572773786e-16 -0.6343932841636455 0.773010453362737
      vertex -1.2989340843532398e-16 -0.7071067811865475 0.7071067811865476
      vertex 0.13794968964147153 -0.6935199226610737 0.7071067811865476
    endloop
  endfacet
  facet normal 0.06599857393269187 -0.6700947664778216 0.7393356424371036
    outer loop
      vertex -1.1653615572773786e-16 -0.6343932841636455 0.773010453362737
      vertex 0.13794968964147153 -0.6935199226610737 0.7071067811865476
      vertex 0.12376399009235478 -0.6222035950943673 0.773010453362737
    endloop
  endfacet
  facet normal 0.19545943361426948 -0.6443434003955534 0.7393356424371036
    outer loop
      vertex 0.12376399009235478 -0.6222035950943673 0.773010453362737
      vertex 0.13794968964147153 -0.6935199226610737 0.7071067811865476
      vertex 0.2705980500730986 -0.6532814824381881 0.7071067811865476
    endloop
  endfacet
  facet normal 0.19545943361426932 -0.6443434003955537 0.7393356424371034
    outer loop
      vertex 0.12376399009235478 -0.6222035950943673 0.773010453362737
      vertex 0.2705980500730986 -0.6532814824381881 0.7071067811865476
      vertex 0.24277179945310576 -0.5861029708014086 0.773010453362737
    endloop
  endfacet
  facet normal 0.31740889687696305 -0.5938302787880263 0.7393356424371034
    outer loop
      vertex 0.24277179945310576 -0.5861029708014086 0.773010453362737
      vertex 0.2705980500730986 -0.6532814824381881 0.7071067811865476
      vertex 0.3928474791935508 -0.5879378012096794 0.7071067811865476
    endloop
  endfacet
  facet normal 0.31740889687696316 -0.5938302787880261 0.7393356424371036
    outer loop
      vertex 0.24277179945310576 -0.5861029708014086 0.773010453362737
      vertex 0.3928474791935508 -0.5879378012096794 0.7071067811865476
      vertex 0.352450024708867 -0.5274787380308849 0.773010453362737
    endloop
  endfacet
  facet normal 0.4271605142376351 -0.5204965925905322 0.7393356424371037
    outer loop
      vertex 0.352450024708867 -0.5274787380308849 0.773010453362737
      vertex 0.3928474791935508 -0.5879378012096794 0.7071067811865476
      vertex 0.49999999999999983 -0.5000000000000001 0.7071067811865476
    endloop
  endfacet
  facet normal 0.42716051423763507 -0.520496592590532 0.7393356424371037
    outer loop
      vertex 0.352450024708867 -0.5274787380308849 0.773010453362737
      vertex 0.49999999999999983 -0.5000000000000001 0.7071067811865476
      vertex 0.448583793171318 -0.44858379317131825 0.773010453362737
    endloop
  endfacet
  facet normal 0.5204965925905318 -0.4271605142376354 0.7393356424371037
    outer loop
      vertex 0.448583793171318 -0.44858379317131825 0.773010453362737
      vertex 0.49999999999999983 -0.5000000000000001 0.7071067811865476
      vertex 0.5879378012096793 -0.392847479193551 0.7071067811865476
    endloop
  endfacet
  facet normal 0.5204965925905318 -0.4271605142376356 0.7393356424371036
    outer loop
      vertex 0.448583793171318 -0.44858379317131825 0.773010453362737
      vertex 0.5879378012096793 -0.392847479193551 0.7071067811865476
      vertex 0.5274787380308847 -0.3524500247088672 0.773010453362737
    endloop
  endfacet
  facet normal 0.593830278788026 -0.3174088968769635 0.7393356424371036
    outer loop
      vertex 0.5274787380308847 -0.3524500247088672 0.773010453362737
      vertex 0.5879378012096793 -0.392847479193551 0.7071067811865476
      vertex 0.6532814824381881 -0.2705980500730989 0.7071067811865476
    endloop
  endfacet
  facet normal 0.5938302787880257 -0.31740889687696305 0.7393356424371038
    outer loop
      vertex 0.5274787380308847 -0.3524500247088672 0.773010453362737
      vertex 0.6532814824381881 -0.2705980500730989 0.7071067811865476
      vertex 0.5861029708014085 -0.242771799453106 0.773010453362737
    endloop
  endfacet
  facet normal 0.6443434003955532 -0.19545943361426893 0.7393356424371039
    outer loop
      vertex 0.5861029708014085 -0.242771799453106 0.773010453362737
      vertex 0.6532814824381881 -0.2705980500730989 0.7071067811865476
      vertex 0.6935199226610735 -0.1379496896414718 0.7071067811865476
    endloop
  endfacet
  facet normal 0.6443434003955534 -0.19545943361426926 0.7393356424371036
    outer loop
      vertex 0.5861029708014085 -0.242771799453106 0.773010453362737
      vertex 0.6935199226610735 -0.1379496896414718 0.7071067811865476
      vertex 0.6222035950943672 -0.12376399009235504 0.773010453362737
    endloop
  endfacet
  facet normal 0.6700947664778216 -0.06599857393269246 0.7393356424371035
    outer loop
      vertex 0.6222035950943672 -0.12376399009235504 0.773010453362737
      vertex 0.6935199226610735 -0.1379496896414718 0.7071067811865476
      vertex 0.7071067811865475 -1.7319121124709863e-16 0.7071067811865476
    endloop
  endfacet
  facet normal 0.6700947664778216 -0.06599857393269247 0.7393356424371036
    outer loop
      vertex 0.6222035950943672 -0.12376399009235504 0.773010453362737
      vertex 0.7071067811865475 -1.7319121124709863e-16 0.7071067811865476
      vertex 0.6343932841636455 -1.5538154097031715e-16 0.773010453362737
    endloop
  endfacet
  facet normal 0.7389859338711994 0.07278376168817889 0.6697778091091326
    outer loop
      vertex 0.7071067811865475 0.0 0.7071067811865476
      vertex 0.773010453362737 0.0 0.6343932841636455
      vertex 0.7581572742560003 0.15080685826836965 0.6343932841636455
    endloop
  endfacet
  facet normal 0.738985933871199 0.0727837616881791 0.669777809109133
    outer loop
      vertex 0.7071067811865475 0.0 0.7071067811865476
      vertex 0.7581572742560003 0.15080685826836965 0.6343932841636455
      vertex 0.6935199226610737 0.13794968964147147 0.7071067811865476
    endloop
  endfacet
  facet normal 0.7105871188606151 0.21555424592046424 0.669777809109133
    outer loop
      vertex 0.6935199226610737 0.13794968964147147 0.7071067811865476
      vertex 0.7581572742560003 0.15080685826836965 0.6343932841636455
      vertex 0.7141685362791033 0.29581829354694633 0.6343932841636455
    endloop
  endfacet
  facet normal 0.7105871188606154 0.21555424592046415 0.6697778091091328
    outer loop
      vertex 0.6935199226610737 0.13794968964147147 0.7071067811865476
      vertex 0.7141685362791033 0.29581829354694633 0.6343932841636455
      vertex 0.6532814824381882 0.27059805007309845 0.7071067811865476
    endloop
  endfacet
  facet normal 0.654880839374065 0.3500411013662396 0.6697778091091326
    outer loop
      vertex 0.6532814824381882 0.27059805007309845 0.7071067811865476
      vertex 0.7141685362791033 0.29581829354694633 0.6343932841636455
      vertex 0.6427347019633296 0.42946159770132414 0.6343932841636455
    endloop
  endfacet
  facet normal 0.6548808393740655 0.35004110136623956 0.6697778091091324
    outer loop
      vertex 0.6532814824381882 0.27059805007309845 0.7071067811865476
      vertex 0.6427347019633296 0.42946159770132414 0.6343932841636455
      vertex 0.5879378012096793 0.392847479193551 0.7071067811865476
    endloop
  endfacet
  facet normal 0.5740078564917758 0.47107607359182163 0.6697778091091325
    outer loop
      vertex 0.5879378012096793 0.392847479193551 0.7071067811865476
      vertex 0.6427347019633296 0.42946159770132414 0.6343932841636455
      vertex 0.5466009335008788 0.5466009335008787 0.6343932841636455
    endloop
  endfacet
  facet normal 0.5740078564917758 0.47107607359182163 0.6697778091091325
    outer loop
      vertex 0.5879378012096793 0.392847479193551 0.7071067811865476
      vertex 0.5466009335008788 0.5466009335008787 0.6343932841636455
      vertex 0.5 0.4999999999999999 0.7071067811865476
    endloop
  endfacet
  facet normal 0.4710760735918219 0.5740078564917755 0.6697778091091325
    outer loop
      vertex 0.5 0.4999999999999999 0.7071067811865476
      vertex 0.5466009335008788 0.5466009335008787 0.6343932841636455
      vertex 0.4294615977013242 0.6427347019633296 0.6343932841636455
    endloop
  endfacet
  facet normal 0.4710760735918221 0.5740078564917757 0.6697778091091324
    outer loop
      vertex 0.5 0.4999999999999999 0.7071067811865476
      vertex 0.4294615977013242 0.6427347019633296 0.6343932841636455
      vertex 0.3928474791935511 0.5879378012096793 0.7071067811865476
    endloop
  endfacet
  facet normal 0.35004110136623984 0.6548808393740655 0.6697778091091323
    outer loop
      vertex 0.3928474791935511 0.5879378012096793 0.7071067811865476
      vertex 0.4294615977013242 0.6427347019633296 0.6343932841636455
      vertex 0.2958182935469464 0.7141685362791033 0.6343932841636455
    endloop
  endfacet
  facet normal 0.35004110136623934 0.6548808393740653 0.6697778091091326
    outer loop
      vertex 0.3928474791935511 0.5879378012096793 0.7071067811865476
      vertex 0.2958182935469464 0.7141685362791033 0.6343932841636455
      vertex 0.2705980500730985 0.6532814824381882 0.7071067811865476
    endloop
  endfacet
  facet normal 0.2155542459204643 0.7105871188606152 0.6697778091091326
    outer loop
      vertex 0.2705980500730985 0.6532814824381882 0.7071067811865476
      vertex 0.2958182935469464 0.7141685362791033 0.6343932841636455
      vertex 0.1508068582683697 0.7581572742560003 0.6343932841636455
    endloop
  endfacet
  facet normal 0.21555424592046407 0.7105871188606152 0.6697778091091329
    outer loop
      vertex 0.2705980500730985 0.6532814824381882 0.7071067811865476
      vertex 0.1508068582683697 0.7581572742560003 0.6343932841636455
      vertex 0.13794968964147153 0.6935199226610737 0.7071067811865476
    endloop
  endfacet
  facet normal 0.07278376168817884 0.738985933871199 0.6697778091091329
    outer loop
      vertex 0.13794968964147153 0.6935199226610737 0.7071067811865476
      vertex 0.1508068582683697 0.7581572742560003 0.6343932841636455
      vertex 4.733323887090601e-17 0.773010453362737 0.6343932841636455
    endloop
  endfacet
  facet normal 0.07278376168817913 0.7389859338711994 0.6697778091091326
    outer loop
      vertex 0.13794968964147153 0.6935199226610737 0.7071067811865476
      vertex 4.733323887090601e-17 0.773010453362737 0.6343932841636455
      vertex 4.329780281177466e-17 0.7071067811865475 0.7071067811865476
    endloop
  endfacet
  facet normal -0.07278376168817889 0.7389859338711994 0.6697778091091326
    outer loop
      vertex 4.329780281177466e-17 0.7071067811865475 0.7071067811865476
      vertex 4.733323887090601e-17 0.773010453362737 0.6343932841636455
      vertex -0.1508068582683696 0.7581572742560003 0.6343932841636455
    endloop
  endfacet
  facet normal -0.07278376168817909 0.7389859338711992 0.6697778091091329
    outer loop
      vertex 4.329780281177466e-17 0.7071067811865475 0.7071067811865476
      vertex -0.1508068582683696 0.7581572742560003 0.6343932841636455
      vertex -0.13794968964147145 0.6935199226610737 0.7071067811865476
    endloop
  endfacet
  facet normal -0.21555424592046418 0.7105871188606151 0.669777809109133
    outer loop
      vertex -0.13794968964147145 0.6935199226610737 0.7071067811865476
      vertex -0.1508068582683696 0.7581572742560003 0.6343932841636455
      vertex -0.29581829354694633 0.7141685362791033 0.6343932841636455
    endloop
  endfacet
  facet normal -0.21555424592046413 0.7105871188606154 0.6697778091091328
    outer loop
      vertex -0.13794968964147145 0.6935199226610737 0.7071067811865476
      vertex -0.29581829354694633 0.7141685362791033 0.6343932841636455
      vertex -0.27059805007309845 0.6532814824381882 0.7071067811865476
    endloop
  endfacet
  facet normal -0.3500411013662393 0.6548808393740654 0.6697778091091326
    outer loop
      vertex -0.27059805007309845 0.6532814824381882 0.7071067811865476
      vertex -0.29581829354694633 0.7141685362791033 0.6343932841636455
      vertex -0.4294615977013239 0.6427347019633298 0.6343932841636455
    endloop
  endfacet
  facet normal -0.3500411013662392 0.6548808393740652 0.6697778091091329
    outer loop
      vertex -0.27059805007309845 0.6532814824381882 0.7071067811865476
      vertex -0.4294615977013239 0.6427347019633298 0.6343932841636455
      vertex -0.39284747919355084 0.5879378012096794 0.7071067811865476
    endloop
  endfacet
  facet normal -0.4710760735918216 0.5740078564917755 0.6697778091091328
    outer loop
      vertex -0.39284747919355084 0.5879378012096794 0.7071067811865476
      vertex -0.4294615977013239 0.6427347019633298 0.6343932841636455
      vertex -0.5466009335008787 0.5466009335008788 0.6343932841636455
    endloop
  endfacet
  facet normal -0.4710760735918216 0.574007856491776 0.6697778091091325
    outer loop
      vertex -0.39284747919355084 0.5879378012096794 0.7071067811865476
      vertex -0.5466009335008787 0.5466009335008788 0.6343932841636455
      vertex -0.4999999999999999 0.5 0.7071067811865476
    endloop
  endfacet
  facet normal -0.5740078564917754 0.47107607359182196 0.6697778091091324
    outer loop
      vertex -0.4999999999999999 0.5 0.7071067811865476
      vertex -0.5466009335008787 0.5466009335008788 0.6343932841636455
      vertex -0.6427347019633297 0.42946159770132414 0.6343932841636455
    endloop
  endfacet
  facet normal -0.5740078564917754 0.4710760735918221 0.6697778091091325
    outer loop
      vertex -0.4999999999999999 0.5 0.7071067811865476
      vertex -0.6427347019633297 0.42946159770132414 0.6343932841636455
      vertex -0.5879378012096794 0.392847479193551 0.7071067811865476
    endloop
  endfacet
  facet normal -0.6548808393740655 0.35004110136623956 0.6697778091091324
    outer loop
      vertex -0.5879378012096794 0.392847479193551 0.7071067811865476
      vertex -0.6427347019633297 0.42946159770132414 0.6343932841636455
      vertex -0.7141685362791033 0.29581829354694644 0.6343932841636455
    endloop
  endfacet
  facet normal -0.6548808393740654 0.3500411013662392 0.6697778091091326
    outer loop
      vertex -0.5879378012096794 0.392847479193551 0.7071067811865476
      vertex -0.7141685362791033 0.29581829354694644 0.6343932841636455
      vertex -0.6532814824381882 0.27059805007309856 0.7071067811865476
    endloop
  endfacet
  facet normal -0.7105871188606152 0.21555424592046452 0.6697778091091326
    outer loop
      vertex -0.6532814824381882 0.27059805007309856 0.7071067811865476
      vertex -0.7141685362791033 0.29581829354694644 0.6343932841636455
      vertex -0.7581572742560003 0.15080685826836993 0.6343932841636455
    endloop
  endfacet
  facet normal -0.710587118860615 0.21555424592046427 0.669777809109133
    outer loop
      vertex -0.6532814824381882 0.27059805007309856 0.7071067811865476
      vertex -0.7581572742560003 0.15080685826836993 0.6343932841636455
      vertex -0.6935199226610737 0.13794968964147172 0.7071067811865476
    endloop
  endfacet
  facet normal -0.7389859338711992 0.07278376168817875 0.669777809109133
    outer loop
      vertex -0.6935199226610737 0.13794968964147172 0.7071067811865476
      vertex -0.7581572742560003 0.15080685826836993 0.6343932841636455
      vertex -0.773010453362737 9.466647774181202e-17 0.6343932841636455
    endloop
  endfacet
  facet normal -0.7389859338711994 0.07278376168817904 0.6697778091091326
    outer loop
      vertex -0.6935199226610737 0.13794968964147172 0.7071067811865476
      vertex -0.773010453362737 9.466647774181202e-17 0.6343932841636455
      vertex -0.7071067811865475 8.659560562354932e-17 0.7071067811865476
    endloop
  endfacet
  facet normal -0.7389859338711994 -0.07278376168817882 0.6697778091091326
    outer loop
      vertex -0.7071067811865475 8.659560562354932e-17 0.7071067811865476
      vertex -0.773010453362737 9.466647774181202e-17 0.6343932841636455
      vertex -0.7581572742560003 -0.15080685826836973 0.6343932841636455
    endloop
  endfacet
  facet normal -0.7389859338711992 -0.07278376168817902 0.669777809109133
    outer loop
      vertex -0.7071067811865475 8.659560562354932e-17 0.7071067811865476
      vertex -0.7581572742560003 -0.15080685826836973 0.6343932841636455
      vertex -0.6935199226610737 -0.13794968964147156 0.7071067811865476
    endloop
  endfacet
  facet normal -0.7105871188606152 -0.21555424592046393 0.6697778091091329
    outer loop
      vertex -0.6935199226610737 -0.13794968964147156 0.7071067811865476
      vertex -0.7581572742560003 -0.15080685826836973 0.6343932841636455
      vertex -0.7141685362791034 -0.2958182935469463 0.6343932841636455
    endloop
  endfacet
  facet normal -0.7105871188606154 -0.21555424592046382 0.6697778091091328
    outer loop
      vertex -0.6935199226610737 -0.13794968964147156 0.7071067811865476
      vertex -0.7141685362791034 -0.2958182935469463 0.6343932841636455
      vertex -0.6532814824381883 -0.2705980500730984 0.7071067811865476
    endloop
  endfacet
  facet normal -0.6548808393740653 -0.35004110136623956 0.6697778091091326
    outer loop
      vertex -0.6532814824381883 -0.2705980500730984 0.7071067811865476
      vertex -0.7141685362791034 -0.2958182935469463 0.6343932841636455
      vertex -0.6427347019633298 -0.4294615977013239 0.6343932841636455
    endloop
  endfacet
  facet normal -0.6548808393740649 -0.3500411013662396 0.6697778091091328
    outer loop
      vertex -0.6532814824381883 -0.2705980500730984 0.7071067811865476
      vertex -0.6427347019633298 -0.4294615977013239 0.6343932841636455
      vertex -0.5879378012096794 -0.39284747919355084 0.7071067811865476
    endloop
  endfacet
  facet normal -0.5740078564917758 -0.4710760735918213 0.6697778091091328
    outer loop
      vertex -0.5879378012096794 -0.39284747919355084 0.7071067811865476
      vertex -0.6427347019633298 -0.4294615977013239 0.6343932841636455
      vertex -0.5466009335008789 -0.5466009335008787 0.6343932841636455
    endloop
  endfacet
  facet normal -0.5740078564917762 -0.4710760735918212 0.6697778091091325
    outer loop
      vertex -0.5879378012096794 -0.39284747919355084 0.7071067811865476
      vertex -0.5466009335008789 -0.5466009335008787 0.6343932841636455
      vertex -0.5000000000000001 -0.4999999999999999 0.7071067811865476
    endloop
  endfacet
  facet normal -0.4710760735918215 -0.574007856491776 0.6697778091091324
    outer loop
      vertex -0.5000000000000001 -0.4999999999999999 0.7071067811865476
      vertex -0.5466009335008789 -0.5466009335008787 0.6343932841636455
      vertex -0.42946159770132414 -0.6427347019633296 0.6343932841636455
    endloop
  endfacet
  facet normal -0.47107607359182135 -0.574007856491776 0.6697778091091325
    outer loop
      vertex -0.5000000000000001 -0.4999999999999999 0.7071067811865476
      vertex -0.42946159770132414 -0.6427347019633296 0.6343932841636455
      vertex -0.392847479193551 -0.5879378012096793 0.7071067811865476
    endloop
  endfacet
  facet normal -0.3500411013662402 -0.6548808393740652 0.6697778091091325
    outer loop
      vertex -0.392847479193551 -0.5879378012096793 0.7071067811865476
      vertex -0.42946159770132414 -0.6427347019633296 0.6343932841636455
      vertex -0.2958182935469468 -0.7141685362791031 0.6343932841636455
    endloop
  endfacet
  facet normal -0.35004110136623995 -0.6548808393740649 0.6697778091091326
    outer loop
      vertex -0.392847479193551 -0.5879378012096793 0.7071067811865476
      vertex -0.2958182935469468 -0.7141685362791031 0.6343932841636455
      vertex -0.2705980500730989 -0.6532814824381881 0.7071067811865476
    endloop
  endfacet
  facet normal -0.21555424592046415 -0.7105871188606153 0.6697778091091328
    outer loop
      vertex -0.2705980500730989 -0.6532814824381881 0.7071067811865476
      vertex -0.2958182935469468 -0.7141685362791031 0.6343932841636455
      vertex -0.15080685826836998 -0.7581572742560002 0.6343932841636455
    endloop
  endfacet
  facet normal -0.21555424592046385 -0.7105871188606152 0.669777809109133
    outer loop
      vertex -0.2705980500730989 -0.6532814824381881 0.7071067811865476
      vertex -0.15080685826836998 -0.7581572742560002 0.6343932841636455
      vertex -0.13794968964147178 -0.6935199226610735 0.7071067811865476
    endloop
  endfacet
  facet normal -0.07278376168817934 -0.738985933871199 0.669777809109133
    outer loop
      vertex -0.13794968964147178 -0.6935199226610735 0.7071067811865476
      vertex -0.15080685826836998 -0.7581572742560002 0.6343932841636455
      vertex -1.4199971661271801e-16 -0.773010453362737 0.6343932841636455
    endloop
  endfacet
  facet normal -0.07278376168817961 -0.7389859338711993 0.6697778091091326
    outer loop
      vertex -0.13794968964147178 -0.6935199226610735 0.7071067811865476
      vertex -1.4199971661271801e-16 -0.773010453362737 0.6343932841636455
      vertex -1.2989340843532398e-16 -0.7071067811865475 0.7071067811865476
    endloop
  endfacet
  facet normal 0.0727837616881788 -0.7389859338711995 0.6697778091091326
    outer loop
      vertex -1.2989340843532398e-16 -0.7071067811865475 0.7071067811865476
      vertex -1.4199971661271801e-16 -0.773010453362737 0.6343932841636455
      vertex 0.1508068582683697 -0.7581572742560003 0.6343932841636455
    endloop
  endfacet
  facet normal 0.072783761688179 -0.7389859338711992 0.669777809109133
    outer loop
      vertex -1.2989340843532398e-16 -0.7071067811865475 0.7071067811865476
      vertex 0.1508068582683697 -0.7581572742560003 0.6343932841636455
      vertex 0.13794968964147153 -0.6935199226610737 0.7071067811865476
    endloop
  endfacet
  facet normal 0.21555424592046463 -0.7105871188606151 0.6697778091091329
    outer loop
      vertex 0.13794968964147153 -0.6935199226610737 0.7071067811865476
      vertex 0.1508068582683697 -0.7581572742560003 0.6343932841636455
      vertex 0.2958182935469465 -0.7141685362791031 0.6343932841636455
    endloop
  endfacet
  facet normal 0.2155542459204645 -0.7105871188606152 0.6697778091091326
    outer loop
      vertex 0.13794968964147153 -0.6935199226610737 0.7071067811865476
      vertex 0.2958182935469465 -0.7141685362791031 0.6343932841636455
      vertex 0.2705980500730986 -0.6532814824381881 0.7071067811865476
    endloop
  endfacet
  facet normal 0.3500411013662392 -0.6548808393740654 0.6697778091091326
    outer loop
      vertex 0.2705980500730986 -0.6532814824381881 0.7071067811865476
      vertex 0.2958182935469465 -0.7141685362791031 0.6343932841636455
      vertex 0.42946159770132386 -0.6427347019633298 0.6343932841636455
    endloop
  endfacet
  facet normal 0.3500411013662393 -0.6548808393740652 0.6697778091091329
    outer loop
      vertex 0.2705980500730986 -0.6532814824381881 0.7071067811865476
      vertex 0.42946159770132386 -0.6427347019633298 0.6343932841636455
      vertex 0.3928474791935508 -0.5879378012096794 0.7071067811865476
    endloop
  endfacet
  facet normal 0.4710760735918212 -0.5740078564917759 0.6697778091091328
    outer loop
      vertex 0.3928474791935508 -0.5879378012096794 0.7071067811865476
      vertex 0.42946159770132386 -0.6427347019633298 0.6343932841636455
      vertex 0.5466009335008787 -0.5466009335008789 0.6343932841636455
    endloop
  endfacet
  facet normal 0.47107607359182113 -0.5740078564917761 0.6697778091091326
    outer loop
      vertex 0.3928474791935508 -0.5879378012096794 0.7071067811865476
      vertex 0.5466009335008787 -0.5466009335008789 0.6343932841636455
      vertex 0.49999999999999983 -0.5000000000000001 0.7071067811865476
    endloop
  endfacet
  facet normal 0.5740078564917758 -0.47107607359182135 0.6697778091091328
    outer loop
      vertex 0.49999999999999983 -0.5000000000000001 0.7071067811865476
      vertex 0.5466009335008787 -0.5466009335008789 0.6343932841636455
      vertex 0.6427347019633296 -0.42946159770132414 0.6343932841636455
    endloop
  endfacet
  facet normal 0.5740078564917759 -0.4710760735918216 0.6697778091091325
    outer loop
      vertex 0.49999999999999983 -0.5000000000000001 0.7071067811865476
      vertex 0.6427347019633296 -0.42946159770132414 0.6343932841636455
      vertex 0.5879378012096793 -0.392847479193551 0.7071067811865476
    endloop
  endfacet
  facet normal 0.654880839374065 -0.35004110136624034 0.6697778091091325
    outer loop
      vertex 0.5879378012096793 -0.392847479193551 0.7071067811865476
      vertex 0.6427347019633296 -0.42946159770132414 0.6343932841636455
      vertex 0.7141685362791031 -0.29581829354694683 0.6343932841636455
    endloop
  endfacet
  facet normal 0.6548808393740649 -0.35004110136623995 0.6697778091091328
    outer loop
      vertex 0.5879378012096793 -0.392847479193551 0.7071067811865476
      vertex 0.7141685362791031 -0.29581829354694683 0.6343932841636455
      vertex 0.6532814824381881 -0.2705980500730989 0.7071067811865476
    endloop
  endfacet
  facet normal 0.7105871188606153 -0.21555424592046407 0.6697778091091328
    outer loop
      vertex 0.6532814824381881 -0.2705980500730989 0.7071067811865476
      vertex 0.7141685362791031 -0.29581829354694683 0.6343932841636455
      vertex 0.7581572742560002 -0.15080685826837 0.6343932841636455
    endloop
  endfacet
  facet normal 0.7105871188606152 -0.21555424592046388 0.669777809109133
    outer loop
      vertex 0.6532814824381881 -0.2705980500730989 0.7071067811865476
      vertex 0.7581572742560002 -0.15080685826837 0.6343932841636455
      vertex 0.6935199226610735 -0.1379496896414718 0.7071067811865476
    endloop
  endfacet
  facet normal 0.738985933871199 -0.07278376168817934 0.669777809109133
    outer loop
      vertex 0.6935199226610735 -0.1379496896414718 0.7071067811865476
      vertex 0.7581572742560002 -0.15080685826837 0.6343932841636455
      vertex 0.773010453362737 -1.8933295548362404e-16 0.6343932841636455
    endloop
  endfacet
  facet normal 0.7389859338711993 -0.07278376168817961 0.6697778091091326
    outer loop
      vertex 0.6935199226610735 -0.1379496896414718 0.7071067811865476
      vertex 0.773010453362737 -1.8933295548362404e-16 0.6343932841636455
      vertex 0.7071067811865475 -1.7319121124709863e-16 0.7071067811865476
    endloop
  endfacet
  facet normal 0.8007059344296102 0.07886265115838208 0.5938439936729812
    outer loop
      vertex 0.773010453362737 0.0 0.6343932841636455
      vertex 0.8314696123025452 0.0 0.5555702330196023
      vertex 0.8154931568489171 0.16221167441072887 0.5555702330196023
    endloop
  endfacet
  facet normal 0.8007059344296108 0.07886265115838176 0.5938439936729808
    outer loop
      vertex 0.773010453362737 0.0 0.6343932841636455
      vertex 0.8154931568489171 0.16221167441072887 0.5555702330196023
      vertex 0.7581572742560003 0.15080685826836965 0.6343932841636455
    endloop
  endfacet
  facet normal 0.769935254410542 0.23355730601781333 0.5938439936729808
    outer loop
      vertex 0.7581572742560003 0.15080685826836965 0.6343932841636455
      vertex 0.8154931568489171 0.16221167441072887 0.5555702330196023
      vertex 0.7681777567114163 0.31818964514320847 0.5555702330196023
    endloop
  endfacet
  facet normal 0.7699352544105418 0.23355730601781355 0.5938439936729812
    outer loop
      vertex 0.7581572742560003 0.15080685826836965 0.6343932841636455
      vertex 0.7681777567114163 0.31818964514320847 0.5555702330196023
      vertex 0.7141685362791033 0.29581829354694633 0.6343932841636455
    endloop
  endfacet
  facet normal 0.7095763943491413 0.3792764845874262 0.5938439936729814
    outer loop
      vertex 0.7141685362791033 0.29581829354694633 0.6343932841636455
      vertex 0.7681777567114163 0.31818964514320847 0.5555702330196023
      vertex 0.6913417161825449 0.4619397662556433 0.5555702330196023
    endloop
  endfacet
  facet normal 0.7095763943491409 0.37927648458742635 0.5938439936729817
    outer loop
      vertex 0.7141685362791033 0.29581829354694633 0.6343932841636455
      vertex 0.6913417161825449 0.4619397662556433 0.5555702330196023
      vertex 0.6427347019633296 0.42946159770132414 0.6343932841636455
    endloop
  endfacet
  facet normal 0.6219489113879296 0.5104202805550474 0.5938439936729816
    outer loop
      vertex 0.6427347019633296 0.42946159770132414 0.6343932841636455
      vertex 0.6913417161825449 0.4619397662556433 0.5555702330196023
      vertex 0.5879378012096794 0.5879378012096793 0.5555702330196023
    endloop
  endfacet
  facet normal 0.6219489113879294 0.5104202805550474 0.5938439936729817
    outer loop
      vertex 0.6427347019633296 0.42946159770132414 0.6343932841636455
      vertex 0.5879378012096794 0.5879378012096793 0.5555702330196023
      vertex 0.5466009335008788 0.5466009335008787 0.6343932841636455
    endloop
  endfacet
  facet normal 0.5104202805550476 0.6219489113879292 0.5938439936729816
    outer loop
      vertex 0.5466009335008788 0.5466009335008787 0.6343932841636455
      vertex 0.5879378012096794 0.5879378012096793 0.5555702330196023
      vertex 0.4619397662556434 0.6913417161825449 0.5555702330196023
    endloop
  endfacet
  facet normal 0.5104202805550476 0.6219489113879292 0.5938439936729818
    outer loop
      vertex 0.5466009335008788 0.5466009335008787 0.6343932841636455
      vertex 0.4619397662556434 0.6913417161825449 0.5555702330196023
      vertex 0.4294615977013242 0.6427347019633296 0.6343932841636455
    endloop
  endfacet
  facet normal 0.3792764845874259 0.7095763943491409 0.5938439936729818
    outer loop
      vertex 0.4294615977013242 0.6427347019633296 0.6343932841636455
      vertex 0.4619397662556434 0.6913417161825449 0.5555702330196023
      vertex 0.3181896451432085 0.7681777567114163 0.5555702330196023
    endloop
  endfacet
  facet normal 0.3792764845874265 0.7095763943491412 0.5938439936729812
    outer loop
      vertex 0.4294615977013242 0.6427347019633296 0.6343932841636455
      vertex 0.3181896451432085 0.7681777567114163 0.5555702330196023
      vertex 0.2958182935469464 0.7141685362791033 0.6343932841636455
    endloop
  endfacet
  facet normal 0.23355730601781327 0.7699352544105418 0.5938439936729812
    outer loop
      vertex 0.2958182935469464 0.7141685362791033 0.6343932841636455
      vertex 0.3181896451432085 0.7681777567114163 0.5555702330196023
      vertex 0.16221167441072892 0.8154931568489171 0.5555702330196023
    endloop
  endfacet
  facet normal 0.23355730601781363 0.769935254410542 0.5938439936729809
    outer loop
      vertex 0.2958182935469464 0.7141685362791033 0.6343932841636455
      vertex 0.16221167441072892 0.8154931568489171 0.5555702330196023
      vertex 0.1508068582683697 0.7581572742560003 0.6343932841636455
    endloop
  endfacet
  facet normal 0.07886265115838208 0.8007059344296106 0.5938439936729808
    outer loop
      vertex 0.1508068582683697 0.7581572742560003 0.6343932841636455
      vertex 0.16221167441072892 0.8154931568489171 0.5555702330196023
      vertex 5.091282996473014e-17 0.8314696123025452 0.5555702330196023
    endloop
  endfacet
  facet normal 0.07886265115838173 0.8007059344296105 0.5938439936729812
    outer loop
      vertex 0.1508068582683697 0.7581572742560003 0.6343932841636455
      vertex 5.091282996473014e-17 0.8314696123025452 0.5555702330196023
      vertex 4.733323887090601e-17 0.773010453362737 0.6343932841636455
    endloop
  endfacet
  facet normal -0.07886265115838208 0.8007059344296102 0.5938439936729812
    outer loop
      vertex 4.733323887090601e-17 0.773010453362737 0.6343932841636455
      vertex 5.091282996473014e-17 0.8314696123025452 0.5555702330196023
      vertex -0.1622116744107288 0.8154931568489171 0.5555702330196023
    endloop
  endfacet
  facet normal -0.07886265115838176 0.8007059344296108 0.5938439936729808
    outer loop
      vertex 4.733323887090601e-17 0.773010453362737 0.6343932841636455
      vertex -0.1622116744107288 0.8154931568489171 0.5555702330196023
      vertex -0.1508068582683696 0.7581572742560003 0.6343932841636455
    endloop
  endfacet
  facet normal -0.23355730601781327 0.7699352544105421 0.5938439936729809
    outer loop
      vertex -0.1508068582683696 0.7581572742560003 0.6343932841636455
      vertex -0.1622116744107288 0.8154931568489171 0.5555702330196023
      vertex -0.31818964514320847 0.7681777567114163 0.5555702330196023
    endloop
  endfacet
  facet normal -0.23355730601781347 0.7699352544105417 0.5938439936729812
    outer loop
      vertex -0.1508068582683696 0.7581572742560003 0.6343932841636455
      vertex -0.31818964514320847 0.7681777567114163 0.5555702330196023
      vertex -0.29581829354694633 0.7141685362791033 0.6343932841636455
    endloop
  endfacet
  facet normal -0.3792764845874261 0.7095763943491413 0.5938439936729811
    outer loop
      vertex -0.29581829354694633 0.7141685362791033 0.6343932841636455
      vertex -0.31818964514320847 0.7681777567114163 0.5555702330196023
      vertex -0.46193976625564315 0.691341716182545 0.5555702330196023
    endloop
  endfacet
  facet normal -0.3792764845874261 0.7095763943491414 0.5938439936729811
    outer loop
      vertex -0.29581829354694633 0.7141685362791033 0.6343932841636455
      vertex -0.46193976625564315 0.691341716182545 0.5555702330196023
      vertex -0.4294615977013239 0.6427347019633298 0.6343932841636455
    endloop
  endfacet
  facet normal -0.5104202805550474 0.6219489113879296 0.5938439936729811
    outer loop
      vertex -0.4294615977013239 0.6427347019633298 0.6343932841636455
      vertex -0.46193976625564315 0.691341716182545 0.5555702330196023
      vertex -0.5879378012096793 0.5879378012096794 0.5555702330196023
    endloop
  endfacet
  facet normal -0.5104202805550475 0.6219489113879293 0.5938439936729817
    outer loop
      vertex -0.4294615977013239 0.6427347019633298 0.6343932841636455
      vertex -0.5879378012096793 0.5879378012096794 0.5555702330196023
      vertex -0.5466009335008787 0.5466009335008788 0.6343932841636455
    endloop
  endfacet
  facet normal -0.6219489113879291 0.5104202805550476 0.5938439936729816
    outer loop
      vertex -0.5466009335008787 0.5466009335008788 0.6343932841636455
      vertex -0.5879378012096793 0.5879378012096794 0.5555702330196023
      vertex -0.691341716182545 0.4619397662556433 0.5555702330196023
    endloop
  endfacet
  facet normal -0.6219489113879292 0.5104202805550478 0.5938439936729816
    outer loop
      vertex -0.5466009335008787 0.5466009335008788 0.6343932841636455
      vertex -0.691341716182545 0.4619397662556433 0.5555702330196023
      vertex -0.6427347019633297 0.42946159770132414 0.6343932841636455
    endloop
  endfacet
  facet normal -0.7095763943491411 0.37927648458742586 0.5938439936729816
    outer loop
      vertex -0.6427347019633297 0.42946159770132414 0.6343932841636455
      vertex -0.691341716182545 0.4619397662556433 0.5555702330196023
      vertex -0.7681777567114163 0.3181896451432086 0.5555702330196023
    endloop
  endfacet
  facet normal -0.7095763943491412 0.3792764845874263 0.5938439936729811
    outer loop
      vertex -0.6427347019633297 0.42946159770132414 0.6343932841636455
      vertex -0.7681777567114163 0.3181896451432086 0.5555702330196023
      vertex -0.7141685362791033 0.29581829354694644 0.6343932841636455
    endloop
  endfacet
  facet normal -0.7699352544105417 0.23355730601781352 0.5938439936729812
    outer loop
      vertex -0.7141685362791033 0.29581829354694644 0.6343932841636455
      vertex -0.7681777567114163 0.3181896451432086 0.5555702330196023
      vertex -0.8154931568489171 0.16221167441072917 0.5555702330196023
    endloop
  endfacet
  facet normal -0.7699352544105419 0.23355730601781388 0.5938439936729809
    outer loop
      vertex -0.7141685362791033 0.29581829354694644 0.6343932841636455
      vertex -0.8154931568489171 0.16221167441072917 0.5555702330196023
      vertex -0.7581572742560003 0.15080685826836993 0.6343932841636455
    endloop
  endfacet
  facet normal -0.8007059344296106 0.07886265115838198 0.5938439936729808
    outer loop
      vertex -0.7581572742560003 0.15080685826836993 0.6343932841636455
      vertex -0.8154931568489171 0.16221167441072917 0.5555702330196023
      vertex -0.8314696123025452 1.0182565992946028e-16 0.5555702330196023
    endloop
  endfacet
  facet normal -0.8007059344296104 0.07886265115838163 0.5938439936729814
    outer loop
      vertex -0.7581572742560003 0.15080685826836993 0.6343932841636455
      vertex -0.8314696123025452 1.0182565992946028e-16 0.5555702330196023
      vertex -0.773010453362737 9.466647774181202e-17 0.6343932841636455
    endloop
  endfacet
  facet normal -0.8007059344296104 -0.07886265115838201 0.5938439936729814
    outer loop
      vertex -0.773010453362737 9.466647774181202e-17 0.6343932841636455
      vertex -0.8314696123025452 1.0182565992946028e-16 0.5555702330196023
      vertex -0.8154931568489171 -0.16221167441072895 0.5555702330196023
    endloop
  endfacet
  facet normal -0.8007059344296107 -0.07886265115838167 0.5938439936729809
    outer loop
      vertex -0.773010453362737 9.466647774181202e-17 0.6343932841636455
      vertex -0.8154931568489171 -0.16221167441072895 0.5555702330196023
      vertex -0.7581572742560003 -0.15080685826836973 0.6343932841636455
    endloop
  endfacet
  facet normal -0.7699352544105422 -0.23355730601781302 0.5938439936729808
    outer loop
      vertex -0.7581572742560003 -0.15080685826836973 0.6343932841636455
      vertex -0.8154931568489171 -0.16221167441072895 0.5555702330196023
      vertex -0.7681777567114164 -0.3181896451432084 0.5555702330196023
    endloop
  endfacet
  facet normal -0.7699352544105419 -0.23355730601781324 0.5938439936729812
    outer loop
      vertex -0.7581572742560003 -0.15080685826836973 0.6343932841636455
      vertex -0.7681777567114164 -0.3181896451432084 0.5555702330196023
      vertex -0.7141685362791034 -0.2958182935469463 0.6343932841636455
    endloop
  endfacet
  facet normal -0.7095763943491411 -0.37927648458742635 0.5938439936729812
    outer loop
      vertex -0.7141685362791034 -0.2958182935469463 0.6343932841636455
      vertex -0.7681777567114164 -0.3181896451432084 0.5555702330196023
      vertex -0.691341716182545 -0.46193976625564315 0.5555702330196023
    endloop
  endfacet
  facet normal -0.7095763943491412 -0.3792764845874264 0.5938439936729811
    outer loop
      vertex -0.7141685362791034 -0.2958182935469463 0.6343932841636455
      vertex -0.691341716182545 -0.46193976625564315 0.5555702330196023
      vertex -0.6427347019633298 -0.4294615977013239 0.6343932841636455
    endloop
  endfacet
  facet normal -0.62194891138793 -0.5104202805550471 0.5938439936729811
    outer loop
      vertex -0.6427347019633298 -0.4294615977013239 0.6343932841636455
      vertex -0.691341716182545 -0.46193976625564315 0.5555702330196023
      vertex -0.5879378012096795 -0.5879378012096793 0.5555702330196023
    endloop
  endfacet
  facet normal -0.6219489113879296 -0.5104202805550472 0.5938439936729816
    outer loop
      vertex -0.6427347019633298 -0.4294615977013239 0.6343932841636455
      vertex -0.5879378012096795 -0.5879378012096793 0.5555702330196023
      vertex -0.5466009335008789 -0.5466009335008787 0.6343932841636455
    endloop
  endfacet
  facet normal -0.5104202805550471 -0.6219489113879296 0.5938439936729816
    outer loop
      vertex -0.5466009335008789 -0.5466009335008787 0.6343932841636455
      vertex -0.5879378012096795 -0.5879378012096793 0.5555702330196023
      vertex -0.4619397662556433 -0.6913417161825449 0.5555702330196023
    endloop
  endfacet
  facet normal -0.5104202805550472 -0.6219489113879296 0.5938439936729816
    outer loop
      vertex -0.5466009335008789 -0.5466009335008787 0.6343932841636455
      vertex -0.4619397662556433 -0.6913417161825449 0.5555702330196023
      vertex -0.42946159770132414 -0.6427347019633296 0.6343932841636455
    endloop
  endfacet
  facet normal -0.3792764845874262 -0.7095763943491409 0.5938439936729817
    outer loop
      vertex -0.42946159770132414 -0.6427347019633296 0.6343932841636455
      vertex -0.4619397662556433 -0.6913417161825449 0.5555702330196023
      vertex -0.31818964514320897 -0.7681777567114161 0.5555702330196023
    endloop
  endfacet
  facet normal -0.3792764845874272 -0.7095763943491412 0.5938439936729808
    outer loop
      vertex -0.42946159770132414 -0.6427347019633296 0.6343932841636455
      vertex -0.31818964514320897 -0.7681777567114161 0.5555702330196023
      vertex -0.2958182935469468 -0.7141685362791031 0.6343932841636455
    endloop
  endfacet
  facet normal -0.23355730601781366 -0.7699352544105421 0.5938439936729806
    outer loop
      vertex -0.2958182935469468 -0.7141685362791031 0.6343932841636455
      vertex -0.31818964514320897 -0.7681777567114161 0.5555702330196023
      vertex -0.1622116744107292 -0.815493156848917 0.5555702330196023
    endloop
  endfacet
  facet normal -0.2335573060178135 -0.7699352544105421 0.5938439936729809
    outer loop
      vertex -0.2958182935469468 -0.7141685362791031 0.6343932841636455
      vertex -0.1622116744107292 -0.815493156848917 0.5555702330196023
      vertex -0.15080685826836998 -0.7581572742560002 0.6343932841636455
    endloop
  endfacet
  facet normal -0.07886265115838254 -0.8007059344296105 0.5938439936729808
    outer loop
      vertex -0.15080685826836998 -0.7581572742560002 0.6343932841636455
      vertex -0.1622116744107292 -0.815493156848917 0.5555702330196023
      vertex -1.527384898941904e-16 -0.8314696123025452 0.5555702330196023
    endloop
  endfacet
  facet normal -0.0788626511583822 -0.8007059344296102 0.5938439936729812
    outer loop
      vertex -0.15080685826836998 -0.7581572742560002 0.6343932841636455
      vertex -1.527384898941904e-16 -0.8314696123025452 0.5555702330196023
      vertex -1.4199971661271801e-16 -0.773010453362737 0.6343932841636455
    endloop
  endfacet
  facet normal 0.07886265115838201 -0.8007059344296104 0.5938439936729814
    outer loop
      vertex -1.4199971661271801e-16 -0.773010453362737 0.6343932841636455
      vertex -1.527384898941904e-16 -0.8314696123025452 0.5555702330196023
      vertex 0.1622116744107289 -0.8154931568489171 0.5555702330196023
    endloop
  endfacet
  facet normal 0.07886265115838166 -0.8007059344296107 0.5938439936729808
    outer loop
      vertex -1.4199971661271801e-16 -0.773010453362737 0.6343932841636455
      vertex 0.1622116744107289 -0.8154931568489171 0.5555702330196023
      vertex 0.1508068582683697 -0.7581572742560003 0.6343932841636455
    endloop
  endfacet
  facet normal 0.23355730601781363 -0.7699352544105421 0.5938439936729808
    outer loop
      vertex 0.1508068582683697 -0.7581572742560003 0.6343932841636455
      vertex 0.1622116744107289 -0.8154931568489171 0.5555702330196023
      vertex 0.3181896451432087 -0.7681777567114162 0.5555702330196023
    endloop
  endfacet
  facet normal 0.2335573060178139 -0.7699352544105416 0.5938439936729814
    outer loop
      vertex 0.1508068582683697 -0.7581572742560003 0.6343932841636455
      vertex 0.3181896451432087 -0.7681777567114162 0.5555702330196023
      vertex 0.2958182935469465 -0.7141685362791031 0.6343932841636455
    endloop
  endfacet
  facet normal 0.3792764845874263 -0.7095763943491411 0.5938439936729815
    outer loop
      vertex 0.2958182935469465 -0.7141685362791031 0.6343932841636455
      vertex 0.3181896451432087 -0.7681777567114162 0.5555702330196023
      vertex 0.46193976625564304 -0.691341716182545 0.5555702330196023
    endloop
  endfacet
  facet normal 0.3792764845874262 -0.7095763943491415 0.593843993672981
    outer loop
      vertex 0.2958182935469465 -0.7141685362791031 0.6343932841636455
      vertex 0.46193976625564304 -0.691341716182545 0.5555702330196023
      vertex 0.42946159770132386 -0.6427347019633298 0.6343932841636455
    endloop
  endfacet
  facet normal 0.5104202805550472 -0.6219489113879301 0.5938439936729809
    outer loop
      vertex 0.42946159770132386 -0.6427347019633298 0.6343932841636455
      vertex 0.46193976625564304 -0.691341716182545 0.5555702330196023
      vertex 0.5879378012096792 -0.5879378012096795 0.5555702330196023
    endloop
  endfacet
  facet normal 0.5104202805550473 -0.62194891138793 0.5938439936729811
    outer loop
      vertex 0.42946159770132386 -0.6427347019633298 0.6343932841636455
      vertex 0.5879378012096792 -0.5879378012096795 0.5555702330196023
      vertex 0.5466009335008787 -0.5466009335008789 0.6343932841636455
    endloop
  endfacet
  facet normal 0.6219489113879296 -0.5104202805550476 0.5938439936729809
    outer loop
      vertex 0.5466009335008787 -0.5466009335008789 0.6343932841636455
      vertex 0.5879378012096792 -0.5879378012096795 0.5555702330196023
      vertex 0.6913417161825449 -0.4619397662556433 0.5555702330196023
    endloop
  endfacet
  facet normal 0.6219489113879296 -0.5104202805550472 0.5938439936729816
    outer loop
      vertex 0.5466009335008787 -0.5466009335008789 0.6343932841636455
      vertex 0.6913417161825449 -0.4619397662556433 0.5555702330196023
      vertex 0.6427347019633296 -0.42946159770132414 0.6343932841636455
    endloop
  endfacet
  facet normal 0.7095763943491408 -0.3792764845874263 0.5938439936729816
    outer loop
      vertex 0.6427347019633296 -0.42946159770132414 0.6343932841636455
      vertex 0.6913417161825449 -0.4619397662556433 0.5555702330196023
      vertex 0.7681777567114161 -0.318189645143209 0.5555702330196023
    endloop
  endfacet
  facet normal 0.7095763943491411 -0.37927648458742724 0.5938439936729807
    outer loop
      vertex 0.6427347019633296 -0.42946159770132414 0.6343932841636455
      vertex 0.7681777567114161 -0.318189645143209 0.5555702330196023
      vertex 0.7141685362791031 -0.29581829354694683 0.6343932841636455
    endloop
  endfacet
  facet normal 0.7699352544105421 -0.23355730601781366 0.5938439936729806
    outer loop
      vertex 0.7141685362791031 -0.29581829354694683 0.6343932841636455
      vertex 0.7681777567114161 -0.318189645143209 0.5555702330196023
      vertex 0.815493156848917 -0.16221167441072926 0.5555702330196023
    endloop
  endfacet
  facet normal 0.769935254410542 -0.2335573060178134 0.5938439936729809
    outer loop
      vertex 0.7141685362791031 -0.29581829354694683 0.6343932841636455
      vertex 0.815493156848917 -0.16221167441072926 0.5555702330196023
      vertex 0.7581572742560002 -0.15080685826837 0.6343932841636455
    endloop
  endfacet
  facet normal 0.8007059344296106 -0.07886265115838252 0.5938439936729808
    outer loop
      vertex 0.7581572742560002 -0.15080685826837 0.6343932841636455
      vertex 0.815493156848917 -0.16221167441072926 0.5555702330196023
      vertex 0.8314696123025452 -2.0365131985892056e-16 0.5555702330196023
    endloop
  endfacet
  facet normal 0.8007059344296104 -0.07886265115838222 0.5938439936729812
    outer loop
      vertex 0.7581572742560002 -0.15080685826837 0.6343932841636455
      vertex 0.8314696123025452 -2.0365131985892056e-16 0.5555702330196023
      vertex 0.773010453362737 -1.8933295548362404e-16 0.6343932841636455
    endloop
  endfacet
  facet normal 0.8546842265856948 0.08417904890365752 0.5122780109972399
    outer loop
      vertex 0.8314696123025452 0.0 0.5555702330196023
      vertex 0.8819212643483549 0.0 0.4713967368259978
      vertex 0.8649753945474729 0.17205430345459152 0.4713967368259978
    endloop
  endfacet
  facet normal 0.8546842265856944 0.08417904890365781 0.5122780109972405
    outer loop
      vertex 0.8314696123025452 0.0 0.5555702330196023
      vertex 0.8649753945474729 0.17205430345459152 0.4713967368259978
      vertex 0.8154931568489171 0.16221167441072887 0.5555702330196023
    endloop
  endfacet
  facet normal 0.8218391910704425 0.24930219306975987 0.5122780109972405
    outer loop
      vertex 0.8154931568489171 0.16221167441072887 0.5555702330196023
      vertex 0.8649753945474729 0.17205430345459152 0.4713967368259978
      vertex 0.8147890054179211 0.33749665651658817 0.4713967368259978
    endloop
  endfacet
  facet normal 0.8218391910704427 0.2493021930697598 0.5122780109972402
    outer loop
      vertex 0.8154931568489171 0.16221167441072887 0.5555702330196023
      vertex 0.8147890054179211 0.33749665651658817 0.4713967368259978
      vertex 0.7681777567114163 0.31818964514320847 0.5555702330196023
    endloop
  endfacet
  facet normal 0.7574113363350818 0.40484479376647176 0.5122780109972402
    outer loop
      vertex 0.7681777567114163 0.31818964514320847 0.5555702330196023
      vertex 0.8147890054179211 0.33749665651658817 0.4713967368259978
      vertex 0.7332907317490972 0.48996920233895774 0.4713967368259978
    endloop
  endfacet
  facet normal 0.7574113363350822 0.4048447937664716 0.51227801099724
    outer loop
      vertex 0.7681777567114163 0.31818964514320847 0.5555702330196023
      vertex 0.7332907317490972 0.48996920233895774 0.4713967368259978
      vertex 0.6913417161825449 0.4619397662556433 0.5555702330196023
    endloop
  endfacet
  facet normal 0.6638765887055348 0.5448294360783141 0.51227801099724
    outer loop
      vertex 0.6913417161825449 0.4619397662556433 0.5555702330196023
      vertex 0.7332907317490972 0.48996920233895774 0.4713967368259978
      vertex 0.6236125064933355 0.6236125064933355 0.4713967368259978
    endloop
  endfacet
  facet normal 0.663876588705535 0.544829436078314 0.5122780109972398
    outer loop
      vertex 0.6913417161825449 0.4619397662556433 0.5555702330196023
      vertex 0.6236125064933355 0.6236125064933355 0.4713967368259978
      vertex 0.5879378012096794 0.5879378012096793 0.5555702330196023
    endloop
  endfacet
  facet normal 0.5448294360783142 0.6638765887055347 0.5122780109972399
    outer loop
      vertex 0.5879378012096794 0.5879378012096793 0.5555702330196023
      vertex 0.6236125064933355 0.6236125064933355 0.4713967368259978
      vertex 0.4899692023389578 0.7332907317490972 0.4713967368259978
    endloop
  endfacet
  facet normal 0.5448294360783146 0.6638765887055349 0.5122780109972397
    outer loop
      vertex 0.5879378012096794 0.5879378012096793 0.5555702330196023
      vertex 0.4899692023389578 0.7332907317490972 0.4713967368259978
      vertex 0.4619397662556434 0.6913417161825449 0.5555702330196023
    endloop
  endfacet
  facet normal 0.40484479376647187 0.7574113363350822 0.5122780109972398
    outer loop
      vertex 0.4619397662556434 0.6913417161825449 0.5555702330196023
      vertex 0.4899692023389578 0.7332907317490972 0.4713967368259978
      vertex 0.3374966565165882 0.8147890054179211 0.4713967368259978
    endloop
  endfacet
  facet normal 0.40484479376647137 0.7574113363350818 0.5122780109972402
    outer loop
      vertex 0.4619397662556434 0.6913417161825449 0.5555702330196023
      vertex 0.3374966565165882 0.8147890054179211 0.4713967368259978
      vertex 0.3181896451432085 0.7681777567114163 0.5555702330196023
    endloop
  endfacet
  facet normal 0.24930219306975998 0.8218391910704428 0.5122780109972402
    outer loop
      vertex 0.3181896451432085 0.7681777567114163 0.5555702330196023
      vertex 0.3374966565165882 0.8147890054179211 0.4713967368259978
      vertex 0.1720543034545916 0.8649753945474729 0.4713967368259978
    endloop
  endfacet
  facet normal 0.24930219306975973 0.8218391910704425 0.5122780109972406
    outer loop
      vertex 0.3181896451432085 0.7681777567114163 0.5555702330196023
      vertex 0.1720543034545916 0.8649753945474729 0.4713967368259978
      vertex 0.16221167441072892 0.8154931568489171 0.5555702330196023
    endloop
  endfacet
  facet normal 0.08417904890365747 0.8546842265856945 0.5122780109972406
    outer loop
      vertex 0.16221167441072892 0.8154931568489171 0.5555702330196023
      vertex 0.1720543034545916 0.8649753945474729 0.4713967368259978
      vertex 5.4002102674209984e-17 0.8819212643483549 0.4713967368259978
    endloop
  endfacet
  facet normal 0.08417904890365785 0.8546842265856948 0.5122780109972399
    outer loop
      vertex 0.16221167441072892 0.8154931568489171 0.5555702330196023
      vertex 5.4002102674209984e-17 0.8819212643483549 0.4713967368259978
      vertex 5.091282996473014e-17 0.8314696123025452 0.5555702330196023
    endloop
  endfacet
  facet normal -0.08417904890365752 0.8546842265856948 0.5122780109972399
    outer loop
      vertex 5.091282996473014e-17 0.8314696123025452 0.5555702330196023
      vertex 5.4002102674209984e-17 0.8819212643483549 0.4713967368259978
      vertex -0.17205430345459147 0.8649753945474729 0.4713967368259978
    endloop
  endfacet
  facet normal -0.08417904890365781 0.8546842265856944 0.5122780109972405
    outer loop
      vertex 5.091282996473014e-17 0.8314696123025452 0.5555702330196023
      vertex -0.17205430345459147 0.8649753945474729 0.4713967368259978
      vertex -0.1622116744107288 0.8154931568489171 0.5555702330196023
    endloop
  endfacet
  facet normal -0.24930219306975987 0.8218391910704425 0.5122780109972405
    outer loop
      vertex -0.1622116744107288 0.8154931568489171 0.5555702330196023
      vertex -0.17205430345459147 0.8649753945474729 0.4713967368259978
      vertex -0.3374966565165881 0.8147890054179211 0.4713967368259978
    endloop
  endfacet
  facet normal -0.24930219306975973 0.8218391910704428 0.5122780109972401
    outer loop
      vertex -0.1622116744107288 0.8154931568489171 0.5555702330196023
      vertex -0.3374966565165881 0.8147890054179211 0.4713967368259978
      vertex -0.31818964514320847 0.7681777567114163 0.5555702330196023
    endloop
  endfacet
  facet normal -0.4048447937664712 0.7574113363350822 0.51227801099724
    outer loop
      vertex -0.31818964514320847 0.7681777567114163 0.5555702330196023
      vertex -0.3374966565165881 0.8147890054179211 0.4713967368259978
      vertex -0.4899692023389575 0.7332907317490974 0.4713967368259978
    endloop
  endfacet
  facet normal -0.4048447937664714 0.757411336335082 0.5122780109972406
    outer loop
      vertex -0.31818964514320847 0.7681777567114163 0.5555702330196023
      vertex -0.4899692023389575 0.7332907317490974 0.4713967368259978
      vertex -0.46193976625564315 0.691341716182545 0.5555702330196023
    endloop
  endfacet
  facet normal -0.5448294360783141 0.6638765887055346 0.5122780109972406
    outer loop
      vertex -0.46193976625564315 0.691341716182545 0.5555702330196023
      vertex -0.4899692023389575 0.7332907317490974 0.4713967368259978
      vertex -0.6236125064933355 0.6236125064933355 0.4713967368259978
    endloop
  endfacet
  facet normal -0.544829436078314 0.663876588705535 0.5122780109972397
    outer loop
      vertex -0.46193976625564315 0.691341716182545 0.5555702330196023
      vertex -0.6236125064933355 0.6236125064933355 0.4713967368259978
      vertex -0.5879378012096793 0.5879378012096794 0.5555702330196023
    endloop
  endfacet
  facet normal -0.6638765887055346 0.5448294360783145 0.5122780109972399
    outer loop
      vertex -0.5879378012096793 0.5879378012096794 0.5555702330196023
      vertex -0.6236125064933355 0.6236125064933355 0.4713967368259978
      vertex -0.7332907317490973 0.48996920233895774 0.4713967368259978
    endloop
  endfacet
  facet normal -0.6638765887055346 0.5448294360783144 0.51227801099724
    outer loop
      vertex -0.5879378012096793 0.5879378012096794 0.5555702330196023
      vertex -0.7332907317490973 0.48996920233895774 0.4713967368259978
      vertex -0.691341716182545 0.4619397662556433 0.5555702330196023
    endloop
  endfacet
  facet normal -0.7574113363350821 0.4048447937664716 0.5122780109972399
    outer loop
      vertex -0.691341716182545 0.4619397662556433 0.5555702330196023
      vertex -0.7332907317490973 0.48996920233895774 0.4713967368259978
      vertex -0.8147890054179211 0.3374966565165883 0.4713967368259978
    endloop
  endfacet
  facet normal -0.757411336335082 0.4048447937664713 0.5122780109972402
    outer loop
      vertex -0.691341716182545 0.4619397662556433 0.5555702330196023
      vertex -0.8147890054179211 0.3374966565165883 0.4713967368259978
      vertex -0.7681777567114163 0.3181896451432086 0.5555702330196023
    endloop
  endfacet
  facet normal -0.8218391910704425 0.2493021930697602 0.5122780109972401
    outer loop
      vertex -0.7681777567114163 0.3181896451432086 0.5555702330196023
      vertex -0.8147890054179211 0.3374966565165883 0.4713967368259978
      vertex -0.8649753945474729 0.17205430345459186 0.4713967368259978
    endloop
  endfacet
  facet normal -0.8218391910704426 0.24930219306976004 0.5122780109972406
    outer loop
      vertex -0.7681777567114163 0.3181896451432086 0.5555702330196023
      vertex -0.8649753945474729 0.17205430345459186 0.4713967368259978
      vertex -0.8154931568489171 0.16221167441072917 0.5555702330196023
    endloop
  endfacet
  facet normal -0.8546842265856945 0.08417904890365738 0.5122780109972406
    outer loop
      vertex -0.8154931568489171 0.16221167441072917 0.5555702330196023
      vertex -0.8649753945474729 0.17205430345459186 0.4713967368259978
      vertex -0.8819212643483549 1.0800420534841997e-16 0.4713967368259978
    endloop
  endfacet
  facet normal -0.8546842265856948 0.08417904890365774 0.5122780109972399
    outer loop
      vertex -0.8154931568489171 0.16221167441072917 0.5555702330196023
      vertex -0.8819212643483549 1.0800420534841997e-16 0.4713967368259978
      vertex -0.8314696123025452 1.0182565992946028e-16 0.5555702330196023
    endloop
  endfacet
  facet normal -0.8546842265856949 -0.08417904890365742 0.51227801099724
    outer loop
      vertex -0.8314696123025452 1.0182565992946028e-16 0.5555702330196023
      vertex -0.8819212643483549 1.0800420534841997e-16 0.4713967368259978
      vertex -0.8649753945474729 -0.17205430345459163 0.4713967368259978
    endloop
  endfacet
  facet normal -0.8546842265856944 -0.0841790489036577 0.5122780109972405
    outer loop
      vertex -0.8314696123025452 1.0182565992946028e-16 0.5555702330196023
      vertex -0.8649753945474729 -0.17205430345459163 0.4713967368259978
      vertex -0.8154931568489171 -0.16221167441072895 0.5555702330196023
    endloop
  endfacet
  facet normal -0.8218391910704425 -0.24930219306975962 0.5122780109972405
    outer loop
      vertex -0.8154931568489171 -0.16221167441072895 0.5555702330196023
      vertex -0.8649753945474729 -0.17205430345459163 0.4713967368259978
      vertex -0.8147890054179212 -0.33749665651658806 0.4713967368259978
    endloop
  endfacet
  facet normal -0.8218391910704429 -0.24930219306975945 0.51227801099724
    outer loop
      vertex -0.8154931568489171 -0.16221167441072895 0.5555702330196023
      vertex -0.8147890054179212 -0.33749665651658806 0.4713967368259978
      vertex -0.7681777567114164 -0.3181896451432084 0.5555702330196023
    endloop
  endfacet
  facet normal -0.757411336335082 -0.4048447937664715 0.51227801099724
    outer loop
      vertex -0.7681777567114164 -0.3181896451432084 0.5555702330196023
      vertex -0.8147890054179212 -0.33749665651658806 0.4713967368259978
      vertex -0.7332907317490974 -0.4899692023389575 0.4713967368259978
    endloop
  endfacet
  facet normal -0.7574113363350816 -0.4048447937664717 0.5122780109972405
    outer loop
      vertex -0.7681777567114164 -0.3181896451432084 0.5555702330196023
      vertex -0.7332907317490974 -0.4899692023389575 0.4713967368259978
      vertex -0.691341716182545 -0.46193976625564315 0.5555702330196023
    endloop
  endfacet
  facet normal -0.6638765887055347 -0.5448294360783138 0.5122780109972405
    outer loop
      vertex -0.691341716182545 -0.46193976625564315 0.5555702330196023
      vertex -0.7332907317490974 -0.4899692023389575 0.4713967368259978
      vertex -0.6236125064933357 -0.6236125064933355 0.4713967368259978
    endloop
  endfacet
  facet normal -0.6638765887055355 -0.5448294360783137 0.5122780109972398
    outer loop
      vertex -0.691341716182545 -0.46193976625564315 0.5555702330196023
      vertex -0.6236125064933357 -0.6236125064933355 0.4713967368259978
      vertex -0.5879378012096795 -0.5879378012096793 0.5555702330196023
    endloop
  endfacet
  facet normal -0.5448294360783139 -0.6638765887055351 0.5122780109972399
    outer loop
      vertex -0.5879378012096795 -0.5879378012096793 0.5555702330196023
      vertex -0.6236125064933357 -0.6236125064933355 0.4713967368259978
      vertex -0.48996920233895774 -0.7332907317490972 0.4713967368259978
    endloop
  endfacet
  facet normal -0.5448294360783139 -0.6638765887055351 0.5122780109972401
    outer loop
      vertex -0.5879378012096795 -0.5879378012096793 0.5555702330196023
      vertex -0.48996920233895774 -0.7332907317490972 0.4713967368259978
      vertex -0.4619397662556433 -0.6913417161825449 0.5555702330196023
    endloop
  endfacet
  facet normal -0.404844793766472 -0.7574113363350817 0.51227801099724
    outer loop
      vertex -0.4619397662556433 -0.6913417161825449 0.5555702330196023
      vertex -0.48996920233895774 -0.7332907317490972 0.4713967368259978
      vertex -0.33749665651658867 -0.8147890054179209 0.4713967368259978
    endloop
  endfacet
  facet normal -0.4048447937664717 -0.7574113363350817 0.5122780109972402
    outer loop
      vertex -0.4619397662556433 -0.6913417161825449 0.5555702330196023
      vertex -0.33749665651658867 -0.8147890054179209 0.4713967368259978
      vertex -0.31818964514320897 -0.7681777567114161 0.5555702330196023
    endloop
  endfacet
  facet normal -0.2493021930697602 -0.8218391910704426 0.5122780109972402
    outer loop
      vertex -0.31818964514320897 -0.7681777567114161 0.5555702330196023
      vertex -0.33749665651658867 -0.8147890054179209 0.4713967368259978
      vertex -0.17205430345459188 -0.8649753945474727 0.4713967368259978
    endloop
  endfacet
  facet normal -0.24930219306976004 -0.8218391910704425 0.5122780109972405
    outer loop
      vertex -0.31818964514320897 -0.7681777567114161 0.5555702330196023
      vertex -0.17205430345459188 -0.8649753945474727 0.4713967368259978
      vertex -0.1622116744107292 -0.815493156848917 0.5555702330196023
    endloop
  endfacet
  facet normal -0.08417904890365796 -0.8546842265856945 0.5122780109972406
    outer loop
      vertex -0.1622116744107292 -0.815493156848917 0.5555702330196023
      vertex -0.17205430345459188 -0.8649753945474727 0.4713967368259978
      vertex -1.6200630802262993e-16 -0.8819212643483549 0.4713967368259978
    endloop
  endfacet
  facet normal -0.08417904890365834 -0.8546842265856948 0.51227801099724
    outer loop
      vertex -0.1622116744107292 -0.815493156848917 0.5555702330196023
      vertex -1.6200630802262993e-16 -0.8819212643483549 0.4713967368259978
      vertex -1.527384898941904e-16 -0.8314696123025452 0.5555702330196023
    endloop
  endfacet
  facet normal 0.08417904890365742 -0.8546842265856949 0.51227801099724
    outer loop
      vertex -1.527384898941904e-16 -0.8314696123025452 0.5555702330196023
      vertex -1.6200630802262993e-16 -0.8819212643483549 0.4713967368259978
      vertex 0.17205430345459158 -0.8649753945474729 0.4713967368259978
    endloop
  endfacet
  facet normal 0.0841790489036577 -0.8546842265856944 0.5122780109972405
    outer loop
      vertex -1.527384898941904e-16 -0.8314696123025452 0.5555702330196023
      vertex 0.17205430345459158 -0.8649753945474729 0.4713967368259978
      vertex 0.1622116744107289 -0.8154931568489171 0.5555702330196023
    endloop
  endfacet
  facet normal 0.2493021930697602 -0.8218391910704425 0.5122780109972405
    outer loop
      vertex 0.1622116744107289 -0.8154931568489171 0.5555702330196023
      vertex 0.17205430345459158 -0.8649753945474729 0.4713967368259978
      vertex 0.33749665651658833 -0.814789005417921 0.4713967368259978
    endloop
  endfacet
  facet normal 0.24930219306976004 -0.8218391910704427 0.5122780109972401
    outer loop
      vertex 0.1622116744107289 -0.8154931568489171 0.5555702330196023
      vertex 0.33749665651658833 -0.814789005417921 0.4713967368259978
      vertex 0.3181896451432087 -0.7681777567114162 0.5555702330196023
    endloop
  endfacet
  facet normal 0.4048447937664715 -0.7574113363350821 0.5122780109972401
    outer loop
      vertex 0.3181896451432087 -0.7681777567114162 0.5555702330196023
      vertex 0.33749665651658833 -0.814789005417921 0.4713967368259978
      vertex 0.4899692023389574 -0.7332907317490974 0.4713967368259978
    endloop
  endfacet
  facet normal 0.4048447937664716 -0.7574113363350816 0.5122780109972405
    outer loop
      vertex 0.3181896451432087 -0.7681777567114162 0.5555702330196023
      vertex 0.4899692023389574 -0.7332907317490974 0.4713967368259978
      vertex 0.46193976625564304 -0.691341716182545 0.5555702330196023
    endloop
  endfacet
  facet normal 0.5448294360783138 -0.6638765887055347 0.5122780109972405
    outer loop
      vertex 0.46193976625564304 -0.691341716182545 0.5555702330196023
      vertex 0.4899692023389574 -0.7332907317490974 0.4713967368259978
      vertex 0.6236125064933354 -0.6236125064933357 0.4713967368259978
    endloop
  endfacet
  facet normal 0.5448294360783137 -0.6638765887055355 0.5122780109972398
    outer loop
      vertex 0.46193976625564304 -0.691341716182545 0.5555702330196023
      vertex 0.6236125064933354 -0.6236125064933357 0.4713967368259978
      vertex 0.5879378012096792 -0.5879378012096795 0.5555702330196023
    endloop
  endfacet
  facet normal 0.6638765887055349 -0.5448294360783142 0.5122780109972399
    outer loop
      vertex 0.5879378012096792 -0.5879378012096795 0.5555702330196023
      vertex 0.6236125064933354 -0.6236125064933357 0.4713967368259978
      vertex 0.7332907317490972 -0.48996920233895774 0.4713967368259978
    endloop
  endfacet
  facet normal 0.6638765887055348 -0.5448294360783141 0.5122780109972401
    outer loop
      vertex 0.5879378012096792 -0.5879378012096795 0.5555702330196023
      vertex 0.7332907317490972 -0.48996920233895774 0.4713967368259978
      vertex 0.6913417161825449 -0.4619397662556433 0.5555702330196023
    endloop
  endfacet
  facet normal 0.7574113363350817 -0.404844793766472 0.51227801099724
    outer loop
      vertex 0.6913417161825449 -0.4619397662556433 0.5555702330196023
      vertex 0.7332907317490972 -0.48996920233895774 0.4713967368259978
      vertex 0.8147890054179209 -0.33749665651658867 0.4713967368259978
    endloop
  endfacet
  facet normal 0.7574113363350818 -0.40484479376647187 0.51227801099724
    outer loop
      vertex 0.6913417161825449 -0.4619397662556433 0.5555702330196023
      vertex 0.8147890054179209 -0.33749665651658867 0.4713967368259978
      vertex 0.7681777567114161 -0.318189645143209 0.5555702330196023
    endloop
  endfacet
  facet normal 0.8218391910704426 -0.2493021930697603 0.5122780109972401
    outer loop
      vertex 0.7681777567114161 -0.318189645143209 0.5555702330196023
      vertex 0.8147890054179209 -0.33749665651658867 0.4713967368259978
      vertex 0.8649753945474727 -0.17205430345459194 0.4713967368259978
    endloop
  endfacet
  facet normal 0.8218391910704425 -0.24930219306976004 0.5122780109972405
    outer loop
      vertex 0.7681777567114161 -0.318189645143209 0.5555702330196023
      vertex 0.8649753945474727 -0.17205430345459194 0.4713967368259978
      vertex 0.815493156848917 -0.16221167441072926 0.5555702330196023
    endloop
  endfacet
  facet normal 0.8546842265856945 -0.08417904890365796 0.5122780109972406
    outer loop
      vertex 0.815493156848917 -0.16221167441072926 0.5555702330196023
      vertex 0.8649753945474727 -0.17205430345459194 0.4713967368259978
      vertex 0.8819212643483549 -2.1600841069683993e-16 0.4713967368259978
    endloop
  endfacet
  facet normal 0.8546842265856948 -0.08417904890365832 0.5122780109972399
    outer loop
      vertex 0.815493156848917 -0.16221167441072926 0.5555702330196023
      vertex 0.8819212643483549 -2.1600841069683993e-16 0.4713967368259978
      vertex 0.8314696123025452 -2.0365131985892056e-16 0.5555702330196023
    endloop
  endfacet
  facet normal 0.9004273762869869 0.08868435591171499 0.42587043223198423
    outer loop
      vertex 0.8819212643483549 0.0 0.4713967368259978
      vertex 0.9238795325112867 0.0 0.38268343236508984
      vertex 0.9061274463528878 0.18023995550173696 0.38268343236508984
    endloop
  endfacet
  facet normal 0.9004273762869872 0.08868435591171463 0.4258704322319836
    outer loop
      vertex 0.8819212643483549 0.0 0.4713967368259978
      vertex 0.9061274463528878 0.18023995550173696 0.38268343236508984
      vertex 0.8649753945474729 0.17205430345459152 0.4713967368259978
    endloop
  endfacet
  facet normal 0.8658244571817685 0.2626449776722167 0.4258704322319837
    outer loop
      vertex 0.8649753945474729 0.17205430345459152 0.4713967368259978
      vertex 0.9061274463528878 0.18023995550173696 0.38268343236508984
      vertex 0.8535533905932737 0.3535533905932738 0.38268343236508984
    endloop
  endfacet
  facet normal 0.8658244571817683 0.26264497767221695 0.4258704322319842
    outer loop
      vertex 0.8649753945474729 0.17205430345459152 0.4713967368259978
      vertex 0.8535533905932737 0.3535533905932738 0.38268343236508984
      vertex 0.8147890054179211 0.33749665651658817 0.4713967368259978
    endloop
  endfacet
  facet normal 0.7979483897470037 0.4265123002337763 0.4258704322319843
    outer loop
      vertex 0.8147890054179211 0.33749665651658817 0.4713967368259978
      vertex 0.8535533905932737 0.3535533905932738 0.38268343236508984
      vertex 0.7681777567114163 0.5132799671593367 0.38268343236508984
    endloop
  endfacet
  facet normal 0.7979483897470039 0.4265123002337761 0.42587043223198384
    outer loop
      vertex 0.8147890054179211 0.33749665651658817 0.4713967368259978
      vertex 0.7681777567114163 0.5132799671593367 0.38268343236508984
      vertex 0.7332907317490972 0.48996920233895774 0.4713967368259978
    endloop
  endfacet
  facet normal 0.6994076131888747 0.5739889942882047 0.4258704322319838
    outer loop
      vertex 0.7332907317490972 0.48996920233895774 0.4713967368259978
      vertex 0.7681777567114163 0.5132799671593367 0.38268343236508984
      vertex 0.6532814824381883 0.6532814824381882 0.38268343236508984
    endloop
  endfacet
  facet normal 0.6994076131888743 0.5739889942882047 0.425870432231984
    outer loop
      vertex 0.7332907317490972 0.48996920233895774 0.4713967368259978
      vertex 0.6532814824381883 0.6532814824381882 0.38268343236508984
      vertex 0.6236125064933355 0.6236125064933355 0.4713967368259978
    endloop
  endfacet
  facet normal 0.5739889942882052 0.6994076131888743 0.42587043223198406
    outer loop
      vertex 0.6236125064933355 0.6236125064933355 0.4713967368259978
      vertex 0.6532814824381883 0.6532814824381882 0.38268343236508984
      vertex 0.5132799671593368 0.7681777567114163 0.38268343236508984
    endloop
  endfacet
  facet normal 0.5739889942882049 0.6994076131888743 0.42587043223198406
    outer loop
      vertex 0.6236125064933355 0.6236125064933355 0.4713967368259978
      vertex 0.5132799671593368 0.7681777567114163 0.38268343236508984
      vertex 0.4899692023389578 0.7332907317490972 0.4713967368259978
    endloop
  endfacet
  facet normal 0.4265123002337762 0.7979483897470038 0.42587043223198406
    outer loop
      vertex 0.4899692023389578 0.7332907317490972 0.4713967368259978
      vertex 0.5132799671593368 0.7681777567114163 0.38268343236508984
      vertex 0.35355339059327384 0.8535533905932737 0.38268343236508984
    endloop
  endfacet
  facet normal 0.426512300233776 0.7979483897470037 0.4258704322319843
    outer loop
      vertex 0.4899692023389578 0.7332907317490972 0.4713967368259978
      vertex 0.35355339059327384 0.8535533905932737 0.38268343236508984
      vertex 0.3374966565165882 0.8147890054179211 0.4713967368259978
    endloop
  endfacet
  facet normal 0.26264497767221656 0.8658244571817683 0.42587043223198423
    outer loop
      vertex 0.3374966565165882 0.8147890054179211 0.4713967368259978
      vertex 0.35355339059327384 0.8535533905932737 0.38268343236508984
      vertex 0.18023995550173702 0.9061274463528878 0.38268343236508984
    endloop
  endfacet
  facet normal 0.2626449776722171 0.8658244571817686 0.4258704322319836
    outer loop
      vertex 0.3374966565165882 0.8147890054179211 0.4713967368259978
      vertex 0.18023995550173702 0.9061274463528878 0.38268343236508984
      vertex 0.1720543034545916 0.8649753945474729 0.4713967368259978
    endloop
  endfacet
  facet normal 0.08868435591171502 0.9004273762869872 0.4258704322319836
    outer loop
      vertex 0.1720543034545916 0.8649753945474729 0.4713967368259978
      vertex 0.18023995550173702 0.9061274463528878 0.38268343236508984
      vertex 5.657130561438501e-17 0.9238795325112867 0.38268343236508984
    endloop
  endfacet
  facet normal 0.08868435591171457 0.9004273762869869 0.42587043223198423
    outer loop
      vertex 0.1720543034545916 0.8649753945474729 0.4713967368259978
      vertex 5.657130561438501e-17 0.9238795325112867 0.38268343236508984
      vertex 5.4002102674209984e-17 0.8819212643483549 0.4713967368259978
    endloop
  endfacet
  facet normal -0.08868435591171499 0.9004273762869869 0.42587043223198423
    outer loop
      vertex 5.4002102674209984e-17 0.8819212643483549 0.4713967368259978
      vertex 5.657130561438501e-17 0.9238795325112867 0.38268343236508984
      vertex -0.1802399555017369 0.9061274463528878 0.38268343236508984
    endloop
  endfacet
  facet normal -0.08868435591171463 0.9004273762869872 0.4258704322319836
    outer loop
      vertex 5.4002102674209984e-17 0.8819212643483549 0.4713967368259978
      vertex -0.1802399555017369 0.9061274463528878 0.38268343236508984
      vertex -0.17205430345459147 0.8649753945474729 0.4713967368259978
    endloop
  endfacet
  facet normal -0.2626449776722167 0.8658244571817685 0.4258704322319837
    outer loop
      vertex -0.17205430345459147 0.8649753945474729 0.4713967368259978
      vertex -0.1802399555017369 0.9061274463528878 0.38268343236508984
      vertex -0.35355339059327373 0.8535533905932737 0.38268343236508984
    endloop
  endfacet
  facet normal -0.26264497767221695 0.8658244571817683 0.4258704322319842
    outer loop
      vertex -0.17205430345459147 0.8649753945474729 0.4713967368259978
      vertex -0.35355339059327373 0.8535533905932737 0.38268343236508984
      vertex -0.3374966565165881 0.8147890054179211 0.4713967368259978
    endloop
  endfacet
  facet normal -0.4265123002337755 0.797948389747004 0.4258704322319843
    outer loop
      vertex -0.3374966565165881 0.8147890054179211 0.4713967368259978
      vertex -0.35355339059327373 0.8535533905932737 0.38268343236508984
      vertex -0.5132799671593365 0.7681777567114165 0.38268343236508984
    endloop
  endfacet
  facet normal -0.42651230023377545 0.797948389747004 0.42587043223198423
    outer loop
      vertex -0.3374966565165881 0.8147890054179211 0.4713967368259978
      vertex -0.5132799671593365 0.7681777567114165 0.38268343236508984
      vertex -0.4899692023389575 0.7332907317490974 0.4713967368259978
    endloop
  endfacet
  facet normal -0.5739889942882049 0.6994076131888741 0.42587043223198434
    outer loop
      vertex -0.4899692023389575 0.7332907317490974 0.4713967368259978
      vertex -0.5132799671593365 0.7681777567114165 0.38268343236508984
      vertex -0.6532814824381882 0.6532814824381883 0.38268343236508984
    endloop
  endfacet
  facet normal -0.573988994288205 0.6994076131888743 0.42587043223198423
    outer loop
      vertex -0.4899692023389575 0.7332907317490974 0.4713967368259978
      vertex -0.6532814824381882 0.6532814824381883 0.38268343236508984
      vertex -0.6236125064933355 0.6236125064933355 0.4713967368259978
    endloop
  endfacet
  facet normal -0.6994076131888742 0.5739889942882052 0.42587043223198406
    outer loop
      vertex -0.6236125064933355 0.6236125064933355 0.4713967368259978
      vertex -0.6532814824381882 0.6532814824381883 0.38268343236508984
      vertex -0.7681777567114164 0.5132799671593367 0.38268343236508984
    endloop
  endfacet
  facet normal -0.6994076131888742 0.5739889942882053 0.4258704322319838
    outer loop
      vertex -0.6236125064933355 0.6236125064933355 0.4713967368259978
      vertex -0.7681777567114164 0.5132799671593367 0.38268343236508984
      vertex -0.7332907317490973 0.48996920233895774 0.4713967368259978
    endloop
  endfacet
  facet normal -0.797948389747004 0.426512300233776 0.42587043223198384
    outer loop
      vertex -0.7332907317490973 0.48996920233895774 0.4713967368259978
      vertex -0.7681777567114164 0.5132799671593367 0.38268343236508984
      vertex -0.8535533905932737 0.35355339059327384 0.38268343236508984
    endloop
  endfacet
  facet normal -0.7979483897470039 0.4265123002337758 0.4258704322319841
    outer loop
      vertex -0.7332907317490973 0.48996920233895774 0.4713967368259978
      vertex -0.8535533905932737 0.35355339059327384 0.38268343236508984
      vertex -0.8147890054179211 0.3374966565165883 0.4713967368259978
    endloop
  endfacet
  facet normal -0.8658244571817681 0.26264497767221695 0.4258704322319841
    outer loop
      vertex -0.8147890054179211 0.3374966565165883 0.4713967368259978
      vertex -0.8535533905932737 0.35355339059327384 0.38268343236508984
      vertex -0.9061274463528878 0.1802399555017373 0.38268343236508984
    endloop
  endfacet
  facet normal -0.8658244571817684 0.26264497767221734 0.4258704322319837
    outer loop
      vertex -0.8147890054179211 0.3374966565165883 0.4713967368259978
      vertex -0.9061274463528878 0.1802399555017373 0.38268343236508984
      vertex -0.8649753945474729 0.17205430345459186 0.4713967368259978
    endloop
  endfacet
  facet normal -0.9004273762869872 0.08868435591171489 0.42587043223198356
    outer loop
      vertex -0.8649753945474729 0.17205430345459186 0.4713967368259978
      vertex -0.9061274463528878 0.1802399555017373 0.38268343236508984
      vertex -0.9238795325112867 1.1314261122877003e-16 0.38268343236508984
    endloop
  endfacet
  facet normal -0.900427376286987 0.08868435591171449 0.4258704322319843
    outer loop
      vertex -0.8649753945474729 0.17205430345459186 0.4713967368259978
      vertex -0.9238795325112867 1.1314261122877003e-16 0.38268343236508984
      vertex -0.8819212643483549 1.0800420534841997e-16 0.4713967368259978
    endloop
  endfacet
  facet normal -0.900427376286987 -0.08868435591171489 0.4258704322319843
    outer loop
      vertex -0.8819212643483549 1.0800420534841997e-16 0.4713967368259978
      vertex -0.9238795325112867 1.1314261122877003e-16 0.38268343236508984
      vertex -0.9061274463528878 -0.18023995550173705 0.38268343236508984
    endloop
  endfacet
  facet normal -0.9004273762869873 -0.08868435591171452 0.4258704322319836
    outer loop
      vertex -0.8819212643483549 1.0800420534841997e-16 0.4713967368259978
      vertex -0.9061274463528878 -0.18023995550173705 0.38268343236508984
      vertex -0.8649753945474729 -0.17205430345459163 0.4713967368259978
    endloop
  endfacet
  facet normal -0.8658244571817687 -0.2626449776722165 0.4258704322319836
    outer loop
      vertex -0.8649753945474729 -0.17205430345459163 0.4713967368259978
      vertex -0.9061274463528878 -0.18023995550173705 0.38268343236508984
      vertex -0.8535533905932738 -0.3535533905932737 0.38268343236508984
    endloop
  endfacet
  facet normal -0.8658244571817683 -0.26264497767221673 0.4258704322319842
    outer loop
      vertex -0.8649753945474729 -0.17205430345459163 0.4713967368259978
      vertex -0.8535533905932738 -0.3535533905932737 0.38268343236508984
      vertex -0.8147890054179212 -0.33749665651658806 0.4713967368259978
    endloop
  endfacet
  facet normal -0.7979483897470038 -0.42651230023377584 0.4258704322319843
    outer loop
      vertex -0.8147890054179212 -0.33749665651658806 0.4713967368259978
      vertex -0.8535533905932738 -0.3535533905932737 0.38268343236508984
      vertex -0.7681777567114165 -0.5132799671593365 0.38268343236508984
    endloop
  endfacet
  facet normal -0.7979483897470039 -0.4265123002337758 0.4258704322319841
    outer loop
      vertex -0.8147890054179212 -0.33749665651658806 0.4713967368259978
      vertex -0.7681777567114165 -0.5132799671593365 0.38268343236508984
      vertex -0.7332907317490974 -0.4899692023389575 0.4713967368259978
    endloop
  endfacet
  facet normal -0.6994076131888745 -0.5739889942882046 0.42587043223198434
    outer loop
      vertex -0.7332907317490974 -0.4899692023389575 0.4713967368259978
      vertex -0.7681777567114165 -0.5132799671593365 0.38268343236508984
      vertex -0.6532814824381884 -0.6532814824381882 0.38268343236508984
    endloop
  endfacet
  facet normal -0.6994076131888747 -0.5739889942882047 0.4258704322319843
    outer loop
      vertex -0.7332907317490974 -0.4899692023389575 0.4713967368259978
      vertex -0.6532814824381884 -0.6532814824381882 0.38268343236508984
      vertex -0.6236125064933357 -0.6236125064933355 0.4713967368259978
    endloop
  endfacet
  facet normal -0.5739889942882044 -0.6994076131888748 0.42587043223198395
    outer loop
      vertex -0.6236125064933357 -0.6236125064933355 0.4713967368259978
      vertex -0.6532814824381884 -0.6532814824381882 0.38268343236508984
      vertex -0.5132799671593367 -0.7681777567114163 0.38268343236508984
    endloop
  endfacet
  facet normal -0.5739889942882046 -0.6994076131888748 0.4258704322319838
    outer loop
      vertex -0.6236125064933357 -0.6236125064933355 0.4713967368259978
      vertex -0.5132799671593367 -0.7681777567114163 0.38268343236508984
      vertex -0.48996920233895774 -0.7332907317490972 0.4713967368259978
    endloop
  endfacet
  facet normal -0.42651230023377645 -0.7979483897470037 0.4258704322319838
    outer loop
      vertex -0.48996920233895774 -0.7332907317490972 0.4713967368259978
      vertex -0.5132799671593367 -0.7681777567114163 0.38268343236508984
      vertex -0.3535533905932743 -0.8535533905932735 0.38268343236508984
    endloop
  endfacet
  facet normal -0.4265123002337762 -0.7979483897470036 0.42587043223198423
    outer loop
      vertex -0.48996920233895774 -0.7332907317490972 0.4713967368259978
      vertex -0.3535533905932743 -0.8535533905932735 0.38268343236508984
      vertex -0.33749665651658867 -0.8147890054179209 0.4713967368259978
    endloop
  endfacet
  facet normal -0.26264497767221695 -0.8658244571817681 0.42587043223198423
    outer loop
      vertex -0.33749665651658867 -0.8147890054179209 0.4713967368259978
      vertex -0.3535533905932743 -0.8535533905932735 0.38268343236508984
      vertex -0.18023995550173735 -0.9061274463528877 0.38268343236508984
    endloop
  endfacet
  facet normal -0.26264497767221734 -0.8658244571817683 0.42587043223198373
    outer loop
      vertex -0.33749665651658867 -0.8147890054179209 0.4713967368259978
      vertex -0.18023995550173735 -0.9061274463528877 0.38268343236508984
      vertex -0.17205430345459188 -0.8649753945474727 0.4713967368259978
    endloop
  endfacet
  facet normal -0.08868435591171543 -0.9004273762869872 0.4258704322319837
    outer loop
      vertex -0.17205430345459188 -0.8649753945474727 0.4713967368259978
      vertex -0.18023995550173735 -0.9061274463528877 0.38268343236508984
      vertex -1.6971391684315505e-16 -0.9238795325112867 0.38268343236508984
    endloop
  endfacet
  facet normal -0.08868435591171508 -0.900427376286987 0.42587043223198434
    outer loop
      vertex -0.17205430345459188 -0.8649753945474727 0.4713967368259978
      vertex -1.6971391684315505e-16 -0.9238795325112867 0.38268343236508984
      vertex -1.6200630802262993e-16 -0.8819212643483549 0.4713967368259978
    endloop
  endfacet
  facet normal 0.08868435591171488 -0.900427376286987 0.4258704322319843
    outer loop
      vertex -1.6200630802262993e-16 -0.8819212643483549 0.4713967368259978
      vertex -1.6971391684315505e-16 -0.9238795325112867 0.38268343236508984
      vertex 0.18023995550173702 -0.9061274463528878 0.38268343236508984
    endloop
  endfacet
  facet normal 0.08868435591171452 -0.9004273762869873 0.4258704322319836
    outer loop
      vertex -1.6200630802262993e-16 -0.8819212643483549 0.4713967368259978
      vertex 0.18023995550173702 -0.9061274463528878 0.38268343236508984
      vertex 0.17205430345459158 -0.8649753945474729 0.4713967368259978
    endloop
  endfacet
  facet normal 0.26264497767221706 -0.8658244571817684 0.4258704322319836
    outer loop
      vertex 0.17205430345459158 -0.8649753945474729 0.4713967368259978
      vertex 0.18023995550173702 -0.9061274463528878 0.38268343236508984
      vertex 0.35355339059327395 -0.8535533905932736 0.38268343236508984
    endloop
  endfacet
  facet normal 0.26264497767221734 -0.865824457181768 0.4258704322319843
    outer loop
      vertex 0.17205430345459158 -0.8649753945474729 0.4713967368259978
      vertex 0.35355339059327395 -0.8535533905932736 0.38268343236508984
      vertex 0.33749665651658833 -0.814789005417921 0.4713967368259978
    endloop
  endfacet
  facet normal 0.4265123002337758 -0.7979483897470039 0.4258704322319843
    outer loop
      vertex 0.33749665651658833 -0.814789005417921 0.4713967368259978
      vertex 0.35355339059327395 -0.8535533905932736 0.38268343236508984
      vertex 0.5132799671593364 -0.7681777567114165 0.38268343236508984
    endloop
  endfacet
  facet normal 0.4265123002337758 -0.7979483897470039 0.42587043223198423
    outer loop
      vertex 0.33749665651658833 -0.814789005417921 0.4713967368259978
      vertex 0.5132799671593364 -0.7681777567114165 0.38268343236508984
      vertex 0.4899692023389574 -0.7332907317490974 0.4713967368259978
    endloop
  endfacet
  facet normal 0.5739889942882046 -0.6994076131888745 0.42587043223198434
    outer loop
      vertex 0.4899692023389574 -0.7332907317490974 0.4713967368259978
      vertex 0.5132799671593364 -0.7681777567114165 0.38268343236508984
      vertex 0.6532814824381881 -0.6532814824381884 0.38268343236508984
    endloop
  endfacet
  facet normal 0.5739889942882047 -0.6994076131888747 0.4258704322319843
    outer loop
      vertex 0.4899692023389574 -0.7332907317490974 0.4713967368259978
      vertex 0.6532814824381881 -0.6532814824381884 0.38268343236508984
      vertex 0.6236125064933354 -0.6236125064933357 0.4713967368259978
    endloop
  endfacet
  facet normal 0.6994076131888745 -0.5739889942882048 0.425870432231984
    outer loop
      vertex 0.6236125064933354 -0.6236125064933357 0.4713967368259978
      vertex 0.6532814824381881 -0.6532814824381884 0.38268343236508984
      vertex 0.7681777567114163 -0.5132799671593367 0.38268343236508984
    endloop
  endfacet
  facet normal 0.6994076131888746 -0.573988994288205 0.42587043223198373
    outer loop
      vertex 0.6236125064933354 -0.6236125064933357 0.4713967368259978
      vertex 0.7681777567114163 -0.5132799671593367 0.38268343236508984
      vertex 0.7332907317490972 -0.48996920233895774 0.4713967368259978
    endloop
  endfacet
  facet normal 0.7979483897470037 -0.4265123002337766 0.4258704322319839
    outer loop
      vertex 0.7332907317490972 -0.48996920233895774 0.4713967368259978
      vertex 0.7681777567114163 -0.5132799671593367 0.38268343236508984
      vertex 0.8535533905932735 -0.35355339059327434 0.38268343236508984
    endloop
  endfacet
  facet normal 0.7979483897470036 -0.4265123002337762 0.42587043223198445
    outer loop
      vertex 0.7332907317490972 -0.48996920233895774 0.4713967368259978
      vertex 0.8535533905932735 -0.35355339059327434 0.38268343236508984
      vertex 0.8147890054179209 -0.33749665651658867 0.4713967368259978
    endloop
  endfacet
  facet normal 0.8658244571817681 -0.2626449776722169 0.4258704322319844
    outer loop
      vertex 0.8147890054179209 -0.33749665651658867 0.4713967368259978
      vertex 0.8535533905932735 -0.35355339059327434 0.38268343236508984
      vertex 0.9061274463528877 -0.18023995550173738 0.38268343236508984
    endloop
  endfacet
  facet normal 0.8658244571817683 -0.26264497767221745 0.4258704322319836
    outer loop
      vertex 0.8147890054179209 -0.33749665651658867 0.4713967368259978
      vertex 0.9061274463528877 -0.18023995550173738 0.38268343236508984
      vertex 0.8649753945474727 -0.17205430345459194 0.4713967368259978
    endloop
  endfacet
  facet normal 0.9004273762869872 -0.08868435591171545 0.4258704322319837
    outer loop
      vertex 0.8649753945474727 -0.17205430345459194 0.4713967368259978
      vertex 0.9061274463528877 -0.18023995550173738 0.38268343236508984
      vertex 0.9238795325112867 -2.2628522245754005e-16 0.38268343236508984
    endloop
  endfacet
  facet normal 0.900427376286987 -0.08868435591171508 0.42587043223198434
    outer loop
      vertex 0.8649753945474727 -0.17205430345459194 0.4713967368259978
      vertex 0.9238795325112867 -2.2628522245754005e-16 0.38268343236508984
      vertex 0.8819212643483549 -2.1600841069683993e-16 0.4713967368259978
    endloop
  endfacet
  facet normal 0.9375215423379808 0.09233781238244074 0.3354505717041469
    outer loop
      vertex 0.9238795325112867 0.0 0.38268343236508984
      vertex 0.9569403357322089 0.0 0.29028467725446233
      vertex 0.938552995510276 0.18668979824821852 0.29028467725446233
    endloop
  endfacet
  facet normal 0.9375215423379805 0.09233781238244103 0.33545057170414744
    outer loop
      vertex 0.9238795325112867 0.0 0.38268343236508984
      vertex 0.938552995510276 0.18668979824821852 0.29028467725446233
      vertex 0.9061274463528878 0.18023995550173696 0.38268343236508984
    endloop
  endfacet
  facet normal 0.90149311523407 0.2734649468011069 0.33545057170414744
    outer loop
      vertex 0.9061274463528878 0.18023995550173696 0.38268343236508984
      vertex 0.938552995510276 0.18668979824821852 0.29028467725446233
      vertex 0.884097590017467 0.3662052122466031 0.29028467725446233
    endloop
  endfacet
  facet normal 0.9014931152340703 0.2734649468011067 0.3354505717041471
    outer loop
      vertex 0.9061274463528878 0.18023995550173696 0.38268343236508984
      vertex 0.884097590017467 0.3662052122466031 0.29028467725446233
      vertex 0.8535533905932737 0.3535533905932738 0.38268343236508984
    endloop
  endfacet
  facet normal 0.830820813274878 0.44408297667511565 0.33545057170414705
    outer loop
      vertex 0.8535533905932737 0.3535533905932738 0.38268343236508984
      vertex 0.884097590017467 0.3662052122466031 0.29028467725446233
      vertex 0.7956668099479273 0.5316475653085997 0.29028467725446233
    endloop
  endfacet
  facet normal 0.8308208132748777 0.44408297667511576 0.33545057170414755
    outer loop
      vertex 0.8535533905932737 0.3535533905932738 0.38268343236508984
      vertex 0.7956668099479273 0.5316475653085997 0.29028467725446233
      vertex 0.7681777567114163 0.5132799671593367 0.38268343236508984
    endloop
  endfacet
  facet normal 0.7282205333912118 0.5976351468001019 0.33545057170414755
    outer loop
      vertex 0.7681777567114163 0.5132799671593367 0.38268343236508984
      vertex 0.7956668099479273 0.5316475653085997 0.29028467725446233
      vertex 0.6766590005871764 0.6766590005871763 0.29028467725446233
    endloop
  endfacet
  facet normal 0.7282205333912123 0.5976351468001019 0.3354505717041469
    outer loop
      vertex 0.7681777567114163 0.5132799671593367 0.38268343236508984
      vertex 0.6766590005871764 0.6766590005871763 0.29028467725446233
      vertex 0.6532814824381883 0.6532814824381882 0.38268343236508984
    endloop
  endfacet
  facet normal 0.5976351468001025 0.7282205333912117 0.33545057170414694
    outer loop
      vertex 0.6532814824381883 0.6532814824381882 0.38268343236508984
      vertex 0.6766590005871764 0.6766590005871763 0.29028467725446233
      vertex 0.5316475653085998 0.7956668099479273 0.29028467725446233
    endloop
  endfacet
  facet normal 0.597635146800102 0.7282205333912118 0.33545057170414755
    outer loop
      vertex 0.6532814824381883 0.6532814824381882 0.38268343236508984
      vertex 0.5316475653085998 0.7956668099479273 0.29028467725446233
      vertex 0.5132799671593368 0.7681777567114163 0.38268343236508984
    endloop
  endfacet
  facet normal 0.44408297667511537 0.8308208132748778 0.3354505717041475
    outer loop
      vertex 0.5132799671593368 0.7681777567114163 0.38268343236508984
      vertex 0.5316475653085998 0.7956668099479273 0.29028467725446233
      vertex 0.36620521224660313 0.884097590017467 0.29028467725446233
    endloop
  endfacet
  facet normal 0.4440829766751157 0.8308208132748778 0.33545057170414705
    outer loop
      vertex 0.5132799671593368 0.7681777567114163 0.38268343236508984
      vertex 0.36620521224660313 0.884097590017467 0.29028467725446233
      vertex 0.35355339059327384 0.8535533905932737 0.38268343236508984
    endloop
  endfacet
  facet normal 0.2734649468011069 0.90149311523407 0.33545057170414716
    outer loop
      vertex 0.35355339059327384 0.8535533905932737 0.38268343236508984
      vertex 0.36620521224660313 0.884097590017467 0.29028467725446233
      vertex 0.1866897982482186 0.938552995510276 0.29028467725446233
    endloop
  endfacet
  facet normal 0.27346494680110667 0.90149311523407 0.33545057170414755
    outer loop
      vertex 0.35355339059327384 0.8535533905932737 0.38268343236508984
      vertex 0.1866897982482186 0.938552995510276 0.29028467725446233
      vertex 0.18023995550173702 0.9061274463528878 0.38268343236508984
    endloop
  endfacet
  facet normal 0.0923378123824407 0.9375215423379806 0.33545057170414755
    outer loop
      vertex 0.18023995550173702 0.9061274463528878 0.38268343236508984
      vertex 0.1866897982482186 0.938552995510276 0.29028467725446233
      vertex 5.859569595647216e-17 0.9569403357322089 0.29028467725446233
    endloop
  endfacet
  facet normal 0.09233781238244104 0.9375215423379807 0.3354505717041469
    outer loop
      vertex 0.18023995550173702 0.9061274463528878 0.38268343236508984
      vertex 5.859569595647216e-17 0.9569403357322089 0.29028467725446233
      vertex 5.657130561438501e-17 0.9238795325112867 0.38268343236508984
    endloop
  endfacet
  facet normal -0.09233781238244074 0.9375215423379808 0.3354505717041469
    outer loop
      vertex 5.657130561438501e-17 0.9238795325112867 0.38268343236508984
      vertex 5.859569595647216e-17 0.9569403357322089 0.29028467725446233
      vertex -0.18668979824821846 0.938552995510276 0.29028467725446233
    endloop
  endfacet
  facet normal -0.09233781238244103 0.9375215423379805 0.33545057170414744
    outer loop
      vertex 5.657130561438501e-17 0.9238795325112867 0.38268343236508984
      vertex -0.18668979824821846 0.938552995510276 0.29028467725446233
      vertex -0.1802399555017369 0.9061274463528878 0.38268343236508984
    endloop
  endfacet
  facet normal -0.2734649468011069 0.90149311523407 0.33545057170414744
    outer loop
      vertex -0.1802399555017369 0.9061274463528878 0.38268343236508984
      vertex -0.18668979824821846 0.938552995510276 0.29028467725446233
      vertex -0.366205212246603 0.884097590017467 0.29028467725446233
    endloop
  endfacet
  facet normal -0.2734649468011067 0.9014931152340703 0.3354505717041471
    outer loop
      vertex -0.1802399555017369 0.9061274463528878 0.38268343236508984
      vertex -0.366205212246603 0.884097590017467 0.29028467725446233
      vertex -0.35355339059327373 0.8535533905932737 0.38268343236508984
    endloop
  endfacet
  facet normal -0.4440829766751151 0.8308208132748782 0.3354505717041471
    outer loop
      vertex -0.35355339059327373 0.8535533905932737 0.38268343236508984
      vertex -0.366205212246603 0.884097590017467 0.29028467725446233
      vertex -0.5316475653085995 0.7956668099479275 0.29028467725446233
    endloop
  endfacet
  facet normal -0.4440829766751151 0.8308208132748783 0.33545057170414705
    outer loop
      vertex -0.35355339059327373 0.8535533905932737 0.38268343236508984
      vertex -0.5316475653085995 0.7956668099479275 0.29028467725446233
      vertex -0.5132799671593365 0.7681777567114165 0.38268343236508984
    endloop
  endfacet
  facet normal -0.5976351468001023 0.728220533391212 0.335450571704147
    outer loop
      vertex -0.5132799671593365 0.7681777567114165 0.38268343236508984
      vertex -0.5316475653085995 0.7956668099479275 0.29028467725446233
      vertex -0.6766590005871763 0.6766590005871764 0.29028467725446233
    endloop
  endfacet
  facet normal -0.5976351468001022 0.728220533391212 0.3354505717041469
    outer loop
      vertex -0.5132799671593365 0.7681777567114165 0.38268343236508984
      vertex -0.6766590005871763 0.6766590005871764 0.29028467725446233
      vertex -0.6532814824381882 0.6532814824381883 0.38268343236508984
    endloop
  endfacet
  facet normal -0.7282205333912117 0.5976351468001025 0.33545057170414694
    outer loop
      vertex -0.6532814824381882 0.6532814824381883 0.38268343236508984
      vertex -0.6766590005871763 0.6766590005871764 0.29028467725446233
      vertex -0.7956668099479274 0.5316475653085997 0.29028467725446233
    endloop
  endfacet
  facet normal -0.7282205333912118 0.5976351468001021 0.3354505717041476
    outer loop
      vertex -0.6532814824381882 0.6532814824381883 0.38268343236508984
      vertex -0.7956668099479274 0.5316475653085997 0.29028467725446233
      vertex -0.7681777567114164 0.5132799671593367 0.38268343236508984
    endloop
  endfacet
  facet normal -0.8308208132748779 0.4440829766751153 0.33545057170414755
    outer loop
      vertex -0.7681777567114164 0.5132799671593367 0.38268343236508984
      vertex -0.7956668099479274 0.5316475653085997 0.29028467725446233
      vertex -0.884097590017467 0.3662052122466032 0.29028467725446233
    endloop
  endfacet
  facet normal -0.8308208132748779 0.4440829766751154 0.3354505717041472
    outer loop
      vertex -0.7681777567114164 0.5132799671593367 0.38268343236508984
      vertex -0.884097590017467 0.3662052122466032 0.29028467725446233
      vertex -0.8535533905932737 0.35355339059327384 0.38268343236508984
    endloop
  endfacet
  facet normal -0.9014931152340702 0.2734649468011072 0.3354505717041473
    outer loop
      vertex -0.8535533905932737 0.35355339059327384 0.38268343236508984
      vertex -0.884097590017467 0.3662052122466032 0.29028467725446233
      vertex -0.938552995510276 0.18668979824821885 0.29028467725446233
    endloop
  endfacet
  facet normal -0.9014931152340702 0.2734649468011071 0.3354505717041474
    outer loop
      vertex -0.8535533905932737 0.35355339059327384 0.38268343236508984
      vertex -0.938552995510276 0.18668979824821885 0.29028467725446233
      vertex -0.9061274463528878 0.1802399555017373 0.38268343236508984
    endloop
  endfacet
  facet normal -0.9375215423379805 0.09233781238244058 0.3354505717041474
    outer loop
      vertex -0.9061274463528878 0.1802399555017373 0.38268343236508984
      vertex -0.938552995510276 0.18668979824821885 0.29028467725446233
      vertex -0.9569403357322089 1.1719139191294432e-16 0.29028467725446233
    endloop
  endfacet
  facet normal -0.9375215423379807 0.09233781238244093 0.3354505717041468
    outer loop
      vertex -0.9061274463528878 0.1802399555017373 0.38268343236508984
      vertex -0.9569403357322089 1.1719139191294432e-16 0.29028467725446233
      vertex -0.9238795325112867 1.1314261122877003e-16 0.38268343236508984
    endloop
  endfacet
  facet normal -0.9375215423379808 -0.09233781238244063 0.33545057170414694
    outer loop
      vertex -0.9238795325112867 1.1314261122877003e-16 0.38268343236508984
      vertex -0.9569403357322089 1.1719139191294432e-16 0.29028467725446233
      vertex -0.938552995510276 -0.18668979824821863 0.29028467725446233
    endloop
  endfacet
  facet normal -0.9375215423379805 -0.09233781238244093 0.3354505717041475
    outer loop
      vertex -0.9238795325112867 1.1314261122877003e-16 0.38268343236508984
      vertex -0.938552995510276 -0.18668979824821863 0.29028467725446233
      vertex -0.9061274463528878 -0.18023995550173705 0.38268343236508984
    endloop
  endfacet
  facet normal -0.9014931152340702 -0.2734649468011066 0.3354505717041475
    outer loop
      vertex -0.9061274463528878 -0.18023995550173705 0.38268343236508984
      vertex -0.938552995510276 -0.18668979824821863 0.29028467725446233
      vertex -0.8840975900174671 -0.36620521224660296 0.29028467725446233
    endloop
  endfacet
  facet normal -0.9014931152340704 -0.2734649468011065 0.33545057170414716
    outer loop
      vertex -0.9061274463528878 -0.18023995550173705 0.38268343236508984
      vertex -0.8840975900174671 -0.36620521224660296 0.29028467725446233
      vertex -0.8535533905932738 -0.3535533905932737 0.38268343236508984
    endloop
  endfacet
  facet normal -0.8308208132748781 -0.4440829766751154 0.33545057170414705
    outer loop
      vertex -0.8535533905932738 -0.3535533905932737 0.38268343236508984
      vertex -0.8840975900174671 -0.36620521224660296 0.29028467725446233
      vertex -0.7956668099479275 -0.5316475653085995 0.29028467725446233
    endloop
  endfacet
  facet normal -0.8308208132748781 -0.4440829766751154 0.33545057170414705
    outer loop
      vertex -0.8535533905932738 -0.3535533905932737 0.38268343236508984
      vertex -0.7956668099479275 -0.5316475653085995 0.29028467725446233
      vertex -0.7681777567114165 -0.5132799671593365 0.38268343236508984
    endloop
  endfacet
  facet normal -0.7282205333912122 -0.597635146800102 0.335450571704147
    outer loop
      vertex -0.7681777567114165 -0.5132799671593365 0.38268343236508984
      vertex -0.7956668099479275 -0.5316475653085995 0.29028467725446233
      vertex -0.6766590005871765 -0.6766590005871763 0.29028467725446233
    endloop
  endfacet
  facet normal -0.7282205333912123 -0.5976351468001019 0.3354505717041469
    outer loop
      vertex -0.7681777567114165 -0.5132799671593365 0.38268343236508984
      vertex -0.6766590005871765 -0.6766590005871763 0.29028467725446233
      vertex -0.6532814824381884 -0.6532814824381882 0.38268343236508984
    endloop
  endfacet
  facet normal -0.597635146800102 -0.7282205333912122 0.3354505717041469
    outer loop
      vertex -0.6532814824381884 -0.6532814824381882 0.38268343236508984
      vertex -0.6766590005871765 -0.6766590005871763 0.29028467725446233
      vertex -0.5316475653085997 -0.7956668099479273 0.29028467725446233
    endloop
  endfacet
  facet normal -0.5976351468001014 -0.7282205333912123 0.3354505717041476
    outer loop
      vertex -0.6532814824381884 -0.6532814824381882 0.38268343236508984
      vertex -0.5316475653085997 -0.7956668099479273 0.29028467725446233
      vertex -0.5132799671593367 -0.7681777567114163 0.38268343236508984
    endloop
  endfacet
  facet normal -0.44408297667511587 -0.8308208132748777 0.33545057170414755
    outer loop
      vertex -0.5132799671593367 -0.7681777567114163 0.38268343236508984
      vertex -0.5316475653085997 -0.7956668099479273 0.29028467725446233
      vertex -0.36620521224660363 -0.8840975900174668 0.29028467725446233
    endloop
  endfacet
  facet normal -0.444082976675116 -0.8308208132748777 0.3354505717041472
    outer loop
      vertex -0.5132799671593367 -0.7681777567114163 0.38268343236508984
      vertex -0.36620521224660363 -0.8840975900174668 0.29028467725446233
      vertex -0.3535533905932743 -0.8535533905932735 0.38268343236508984
    endloop
  endfacet
  facet normal -0.27346494680110717 -0.90149311523407 0.33545057170414727
    outer loop
      vertex -0.3535533905932743 -0.8535533905932735 0.38268343236508984
      vertex -0.36620521224660363 -0.8840975900174668 0.29028467725446233
      vertex -0.1866897982482189 -0.9385529955102759 0.29028467725446233
    endloop
  endfacet
  facet normal -0.27346494680110706 -0.9014931152340699 0.3354505717041474
    outer loop
      vertex -0.3535533905932743 -0.8535533905932735 0.38268343236508984
      vertex -0.1866897982482189 -0.9385529955102759 0.29028467725446233
      vertex -0.18023995550173735 -0.9061274463528877 0.38268343236508984
    endloop
  endfacet
  facet normal -0.09233781238244114 -0.9375215423379805 0.33545057170414744
    outer loop
      vertex -0.18023995550173735 -0.9061274463528877 0.38268343236508984
      vertex -0.1866897982482189 -0.9385529955102759 0.29028467725446233
      vertex -1.7578708786941646e-16 -0.9569403357322089 0.29028467725446233
    endloop
  endfacet
  facet normal -0.09233781238244151 -0.9375215423379807 0.3354505717041469
    outer loop
      vertex -0.18023995550173735 -0.9061274463528877 0.38268343236508984
      vertex -1.7578708786941646e-16 -0.9569403357322089 0.29028467725446233
      vertex -1.6971391684315505e-16 -0.9238795325112867 0.38268343236508984
    endloop
  endfacet
  facet normal 0.09233781238244063 -0.9375215423379808 0.33545057170414694
    outer loop
      vertex -1.6971391684315505e-16 -0.9238795325112867 0.38268343236508984
      vertex -1.7578708786941646e-16 -0.9569403357322089 0.29028467725446233
      vertex 0.18668979824821857 -0.938552995510276 0.29028467725446233
    endloop
  endfacet
  facet normal 0.09233781238244092 -0.9375215423379806 0.33545057170414744
    outer loop
      vertex -1.6971391684315505e-16 -0.9238795325112867 0.38268343236508984
      vertex 0.18668979824821857 -0.938552995510276 0.29028467725446233
      vertex 0.18023995550173702 -0.9061274463528878 0.38268343236508984
    endloop
  endfacet
  facet normal 0.27346494680110717 -0.90149311523407 0.33545057170414744
    outer loop
      vertex 0.18023995550173702 -0.9061274463528878 0.38268343236508984
      vertex 0.18668979824821857 -0.938552995510276 0.29028467725446233
      vertex 0.3662052122466033 -0.8840975900174669 0.29028467725446233
    endloop
  endfacet
  facet normal 0.27346494680110706 -0.9014931152340699 0.33545057170414727
    outer loop
      vertex 0.18023995550173702 -0.9061274463528878 0.38268343236508984
      vertex 0.3662052122466033 -0.8840975900174669 0.29028467725446233
      vertex 0.35355339059327395 -0.8535533905932736 0.38268343236508984
    endloop
  endfacet
  facet normal 0.44408297667511537 -0.830820813274878 0.33545057170414727
    outer loop
      vertex 0.35355339059327395 -0.8535533905932736 0.38268343236508984
      vertex 0.3662052122466033 -0.8840975900174669 0.29028467725446233
      vertex 0.5316475653085994 -0.7956668099479275 0.29028467725446233
    endloop
  endfacet
  facet normal 0.4440829766751153 -0.8308208132748781 0.33545057170414705
    outer loop
      vertex 0.35355339059327395 -0.8535533905932736 0.38268343236508984
      vertex 0.5316475653085994 -0.7956668099479275 0.29028467725446233
      vertex 0.5132799671593364 -0.7681777567114165 0.38268343236508984
    endloop
  endfacet
  facet normal 0.597635146800102 -0.7282205333912122 0.335450571704147
    outer loop
      vertex 0.5132799671593364 -0.7681777567114165 0.38268343236508984
      vertex 0.5316475653085994 -0.7956668099479275 0.29028467725446233
      vertex 0.6766590005871762 -0.6766590005871765 0.29028467725446233
    endloop
  endfacet
  facet normal 0.5976351468001019 -0.7282205333912123 0.3354505717041469
    outer loop
      vertex 0.5132799671593364 -0.7681777567114165 0.38268343236508984
      vertex 0.6766590005871762 -0.6766590005871765 0.29028467725446233
      vertex 0.6532814824381881 -0.6532814824381884 0.38268343236508984
    endloop
  endfacet
  facet normal 0.728220533391212 -0.5976351468001022 0.3354505717041469
    outer loop
      vertex 0.6532814824381881 -0.6532814824381884 0.38268343236508984
      vertex 0.6766590005871762 -0.6766590005871765 0.29028467725446233
      vertex 0.7956668099479273 -0.5316475653085997 0.29028467725446233
    endloop
  endfacet
  facet normal 0.728220533391212 -0.5976351468001018 0.33545057170414766
    outer loop
      vertex 0.6532814824381881 -0.6532814824381884 0.38268343236508984
      vertex 0.7956668099479273 -0.5316475653085997 0.29028467725446233
      vertex 0.7681777567114163 -0.5132799671593367 0.38268343236508984
    endloop
  endfacet
  facet normal 0.8308208132748776 -0.4440829766751159 0.33545057170414755
    outer loop
      vertex 0.7681777567114163 -0.5132799671593367 0.38268343236508984
      vertex 0.7956668099479273 -0.5316475653085997 0.29028467725446233
      vertex 0.8840975900174668 -0.3662052122466037 0.29028467725446233
    endloop
  endfacet
  facet normal 0.8308208132748776 -0.4440829766751161 0.33545057170414716
    outer loop
      vertex 0.7681777567114163 -0.5132799671593367 0.38268343236508984
      vertex 0.8840975900174668 -0.3662052122466037 0.29028467725446233
      vertex 0.8535533905932735 -0.35355339059327434 0.38268343236508984
    endloop
  endfacet
  facet normal 0.90149311523407 -0.27346494680110717 0.33545057170414727
    outer loop
      vertex 0.8535533905932735 -0.35355339059327434 0.38268343236508984
      vertex 0.8840975900174668 -0.3662052122466037 0.29028467725446233
      vertex 0.9385529955102759 -0.18668979824821896 0.29028467725446233
    endloop
  endfacet
  facet normal 0.9014931152340699 -0.273464946801107 0.3354505717041475
    outer loop
      vertex 0.8535533905932735 -0.35355339059327434 0.38268343236508984
      vertex 0.9385529955102759 -0.18668979824821896 0.29028467725446233
      vertex 0.9061274463528877 -0.18023995550173738 0.38268343236508984
    endloop
  endfacet
  facet normal 0.9375215423379805 -0.09233781238244117 0.33545057170414755
    outer loop
      vertex 0.9061274463528877 -0.18023995550173738 0.38268343236508984
      vertex 0.9385529955102759 -0.18668979824821896 0.29028467725446233
      vertex 0.9569403357322089 -2.3438278382588863e-16 0.29028467725446233
    endloop
  endfacet
  facet normal 0.9375215423379807 -0.09233781238244154 0.3354505717041469
    outer loop
      vertex 0.9061274463528877 -0.18023995550173738 0.38268343236508984
      vertex 0.9569403357322089 -2.3438278382588863e-16 0.29028467725446233
      vertex 0.9238795325112867 -2.2628522245754005e-16 0.38268343236508984
    endloop
  endfacet
  facet normal 0.9656341862849066 0.09510666613685377 0.24187877197931035
    outer loop
      vertex 0.9569403357322089 0.0 0.29028467725446233
      vertex 0.9807852804032304 0.0 0.19509032201612833
      vertex 0.9619397662556434 0.19134171618254486 0.19509032201612833
    endloop
  endfacet
  facet normal 0.9656341862849067 0.09510666613685376 0.24187877197931035
    outer loop
      vertex 0.9569403357322089 0.0 0.29028467725446233
      vertex 0.9619397662556434 0.19134171618254486 0.19509032201612833
      vertex 0.938552995510276 0.18668979824821852 0.29028467725446233
    endloop
  endfacet
  facet normal 0.9285254060398681 0.2816651025673553 0.24187877197931032
    outer loop
      vertex 0.938552995510276 0.18668979824821852 0.29028467725446233
      vertex 0.9619397662556434 0.19134171618254486 0.19509032201612833
      vertex 0.9061274463528878 0.37533027751786524 0.19509032201612833
    endloop
  endfacet
  facet normal 0.9285254060398684 0.281665102567355 0.24187877197930968
    outer loop
      vertex 0.938552995510276 0.18668979824821852 0.29028467725446233
      vertex 0.9061274463528878 0.37533027751786524 0.19509032201612833
      vertex 0.884097590017467 0.3662052122466031 0.29028467725446233
    endloop
  endfacet
  facet normal 0.8557339151637645 0.4573993070658022 0.24187877197930976
    outer loop
      vertex 0.884097590017467 0.3662052122466031 0.29028467725446233
      vertex 0.9061274463528878 0.37533027751786524 0.19509032201612833
      vertex 0.8154931568489171 0.5448951067758185 0.19509032201612833
    endloop
  endfacet
  facet normal 0.8557339151637645 0.4573993070658022 0.24187877197930954
    outer loop
      vertex 0.884097590017467 0.3662052122466031 0.29028467725446233
      vertex 0.8154931568489171 0.5448951067758185 0.19509032201612833
      vertex 0.7956668099479273 0.5316475653085997 0.29028467725446233
    endloop
  endfacet
  facet normal 0.7500570498290262 0.6155559127061969 0.24187877197930954
    outer loop
      vertex 0.7956668099479273 0.5316475653085997 0.29028467725446233
      vertex 0.8154931568489171 0.5448951067758185 0.19509032201612833
      vertex 0.6935199226610738 0.6935199226610737 0.19509032201612833
    endloop
  endfacet
  facet normal 0.7500570498290255 0.6155559127061971 0.2418787719793105
    outer loop
      vertex 0.7956668099479273 0.5316475653085997 0.29028467725446233
      vertex 0.6935199226610738 0.6935199226610737 0.19509032201612833
      vertex 0.6766590005871764 0.6766590005871763 0.29028467725446233
    endloop
  endfacet
  facet normal 0.6155559127061971 0.7500570498290257 0.2418787719793105
    outer loop
      vertex 0.6766590005871764 0.6766590005871763 0.29028467725446233
      vertex 0.6935199226610738 0.6935199226610737 0.19509032201612833
      vertex 0.5448951067758186 0.8154931568489171 0.19509032201612833
    endloop
  endfacet
  facet normal 0.6155559127061977 0.7500570498290255 0.24187877197930935
    outer loop
      vertex 0.6766590005871764 0.6766590005871763 0.29028467725446233
      vertex 0.5448951067758186 0.8154931568489171 0.19509032201612833
      vertex 0.5316475653085998 0.7956668099479273 0.29028467725446233
    endloop
  endfacet
  facet normal 0.4573993070658022 0.8557339151637647 0.24187877197930957
    outer loop
      vertex 0.5316475653085998 0.7956668099479273 0.29028467725446233
      vertex 0.5448951067758186 0.8154931568489171 0.19509032201612833
      vertex 0.3753302775178653 0.9061274463528878 0.19509032201612833
    endloop
  endfacet
  facet normal 0.457399307065802 0.8557339151637646 0.24187877197930982
    outer loop
      vertex 0.5316475653085998 0.7956668099479273 0.29028467725446233
      vertex 0.3753302775178653 0.9061274463528878 0.19509032201612833
      vertex 0.36620521224660313 0.884097590017467 0.29028467725446233
    endloop
  endfacet
  facet normal 0.28166510256735533 0.9285254060398683 0.2418787719793097
    outer loop
      vertex 0.36620521224660313 0.884097590017467 0.29028467725446233
      vertex 0.3753302775178653 0.9061274463528878 0.19509032201612833
      vertex 0.19134171618254495 0.9619397662556434 0.19509032201612833
    endloop
  endfacet
  facet normal 0.281665102567355 0.9285254060398682 0.2418787719793104
    outer loop
      vertex 0.36620521224660313 0.884097590017467 0.29028467725446233
      vertex 0.19134171618254495 0.9619397662556434 0.19509032201612833
      vertex 0.1866897982482186 0.938552995510276 0.29028467725446233
    endloop
  endfacet
  facet normal 0.09510666613685378 0.9656341862849066 0.24187877197931026
    outer loop
      vertex 0.1866897982482186 0.938552995510276 0.29028467725446233
      vertex 0.19134171618254495 0.9619397662556434 0.19509032201612833
      vertex 6.005577771483278e-17 0.9807852804032304 0.19509032201612833
    endloop
  endfacet
  facet normal 0.09510666613685373 0.9656341862849066 0.24187877197931035
    outer loop
      vertex 0.1866897982482186 0.938552995510276 0.29028467725446233
      vertex 6.005577771483278e-17 0.9807852804032304 0.19509032201612833
      vertex 5.859569595647216e-17 0.9569403357322089 0.29028467725446233
    endloop
  endfacet
  facet normal -0.09510666613685377 0.9656341862849066 0.24187877197931035
    outer loop
      vertex 5.859569595647216e-17 0.9569403357322089 0.29028467725446233
      vertex 6.005577771483278e-17 0.9807852804032304 0.19509032201612833
      vertex -0.1913417161825448 0.9619397662556434 0.19509032201612833
    endloop
  endfacet
  facet normal -0.09510666613685376 0.9656341862849067 0.24187877197931035
    outer loop
      vertex 5.859569595647216e-17 0.9569403357322089 0.29028467725446233
      vertex -0.1913417161825448 0.9619397662556434 0.19509032201612833
      vertex -0.18668979824821846 0.938552995510276 0.29028467725446233
    endloop
  endfacet
  facet normal -0.2816651025673553 0.9285254060398681 0.24187877197931032
    outer loop
      vertex -0.18668979824821846 0.938552995510276 0.29028467725446233
      vertex -0.1913417161825448 0.9619397662556434 0.19509032201612833
      vertex -0.3753302775178652 0.9061274463528878 0.19509032201612833
    endloop
  endfacet
  facet normal -0.281665102567355 0.9285254060398684 0.24187877197930968
    outer loop
      vertex -0.18668979824821846 0.938552995510276 0.29028467725446233
      vertex -0.3753302775178652 0.9061274463528878 0.19509032201612833
      vertex -0.366205212246603 0.884097590017467 0.29028467725446233
    endloop
  endfacet
  facet normal -0.4573993070658015 0.855733915163765 0.2418787719793098
    outer loop
      vertex -0.366205212246603 0.884097590017467 0.29028467725446233
      vertex -0.3753302775178652 0.9061274463528878 0.19509032201612833
      vertex -0.5448951067758184 0.8154931568489173 0.19509032201612833
    endloop
  endfacet
  facet normal -0.4573993070658017 0.855733915163765 0.24187877197930996
    outer loop
      vertex -0.366205212246603 0.884097590017467 0.29028467725446233
      vertex -0.5448951067758184 0.8154931568489173 0.19509032201612833
      vertex -0.5316475653085995 0.7956668099479275 0.29028467725446233
    endloop
  endfacet
  facet normal -0.6155559127061971 0.7500570498290255 0.24187877197931013
    outer loop
      vertex -0.5316475653085995 0.7956668099479275 0.29028467725446233
      vertex -0.5448951067758184 0.8154931568489173 0.19509032201612833
      vertex -0.6935199226610737 0.6935199226610738 0.19509032201612833
    endloop
  endfacet
  facet normal -0.6155559127061973 0.7500570498290254 0.24187877197931054
    outer loop
      vertex -0.5316475653085995 0.7956668099479275 0.29028467725446233
      vertex -0.6935199226610737 0.6935199226610738 0.19509032201612833
      vertex -0.6766590005871763 0.6766590005871764 0.29028467725446233
    endloop
  endfacet
  facet normal -0.7500570498290257 0.6155559127061971 0.24187877197931046
    outer loop
      vertex -0.6766590005871763 0.6766590005871764 0.29028467725446233
      vertex -0.6935199226610737 0.6935199226610738 0.19509032201612833
      vertex -0.8154931568489172 0.5448951067758185 0.19509032201612833
    endloop
  endfacet
  facet normal -0.7500570498290254 0.6155559127061977 0.24187877197930932
    outer loop
      vertex -0.6766590005871763 0.6766590005871764 0.29028467725446233
      vertex -0.8154931568489172 0.5448951067758185 0.19509032201612833
      vertex -0.7956668099479274 0.5316475653085997 0.29028467725446233
    endloop
  endfacet
  facet normal -0.8557339151637647 0.45739930706580206 0.24187877197930957
    outer loop
      vertex -0.7956668099479274 0.5316475653085997 0.29028467725446233
      vertex -0.8154931568489172 0.5448951067758185 0.19509032201612833
      vertex -0.9061274463528878 0.37533027751786535 0.19509032201612833
    endloop
  endfacet
  facet normal -0.8557339151637647 0.45739930706580206 0.24187877197930976
    outer loop
      vertex -0.7956668099479274 0.5316475653085997 0.29028467725446233
      vertex -0.9061274463528878 0.37533027751786535 0.19509032201612833
      vertex -0.884097590017467 0.3662052122466032 0.29028467725446233
    endloop
  endfacet
  facet normal -0.9285254060398682 0.2816651025673557 0.24187877197930976
    outer loop
      vertex -0.884097590017467 0.3662052122466032 0.29028467725446233
      vertex -0.9061274463528878 0.37533027751786535 0.19509032201612833
      vertex -0.9619397662556434 0.19134171618254522 0.19509032201612833
    endloop
  endfacet
  facet normal -0.9285254060398682 0.2816651025673553 0.24187877197931043
    outer loop
      vertex -0.884097590017467 0.3662052122466032 0.29028467725446233
      vertex -0.9619397662556434 0.19134171618254522 0.19509032201612833
      vertex -0.938552995510276 0.18668979824821885 0.29028467725446233
    endloop
  endfacet
  facet normal -0.9656341862849066 0.09510666613685367 0.24187877197931032
    outer loop
      vertex -0.938552995510276 0.18668979824821885 0.29028467725446233
      vertex -0.9619397662556434 0.19134171618254522 0.19509032201612833
      vertex -0.9807852804032304 1.2011155542966555e-16 0.19509032201612833
    endloop
  endfacet
  facet normal -0.9656341862849066 0.09510666613685363 0.2418787719793104
    outer loop
      vertex -0.938552995510276 0.18668979824821885 0.29028467725446233
      vertex -0.9807852804032304 1.2011155542966555e-16 0.19509032201612833
      vertex -0.9569403357322089 1.1719139191294432e-16 0.29028467725446233
    endloop
  endfacet
  facet normal -0.9656341862849066 -0.09510666613685367 0.2418787719793104
    outer loop
      vertex -0.9569403357322089 1.1719139191294432e-16 0.29028467725446233
      vertex -0.9807852804032304 1.2011155542966555e-16 0.19509032201612833
      vertex -0.9619397662556434 -0.19134171618254497 0.19509032201612833
    endloop
  endfacet
  facet normal -0.9656341862849068 -0.09510666613685366 0.24187877197931035
    outer loop
      vertex -0.9569403357322089 1.1719139191294432e-16 0.29028467725446233
      vertex -0.9619397662556434 -0.19134171618254497 0.19509032201612833
      vertex -0.938552995510276 -0.18668979824821863 0.29028467725446233
    endloop
  endfacet
  facet normal -0.9285254060398682 -0.2816651025673551 0.24187877197931035
    outer loop
      vertex -0.938552995510276 -0.18668979824821863 0.29028467725446233
      vertex -0.9619397662556434 -0.19134171618254497 0.19509032201612833
      vertex -0.9061274463528879 -0.37533027751786513 0.19509032201612833
    endloop
  endfacet
  facet normal -0.9285254060398683 -0.2816651025673548 0.24187877197930968
    outer loop
      vertex -0.938552995510276 -0.18668979824821863 0.29028467725446233
      vertex -0.9061274463528879 -0.37533027751786513 0.19509032201612833
      vertex -0.8840975900174671 -0.36620521224660296 0.29028467725446233
    endloop
  endfacet
  facet normal -0.8557339151637648 -0.45739930706580184 0.2418787719793098
    outer loop
      vertex -0.8840975900174671 -0.36620521224660296 0.29028467725446233
      vertex -0.9061274463528879 -0.37533027751786513 0.19509032201612833
      vertex -0.8154931568489173 -0.5448951067758184 0.19509032201612833
    endloop
  endfacet
  facet normal -0.8557339151637646 -0.45739930706580195 0.2418787719793102
    outer loop
      vertex -0.8840975900174671 -0.36620521224660296 0.29028467725446233
      vertex -0.8154931568489173 -0.5448951067758184 0.19509032201612833
      vertex -0.7956668099479275 -0.5316475653085995 0.29028467725446233
    endloop
  endfacet
  facet normal -0.7500570498290258 -0.6155559127061968 0.24187877197931018
    outer loop
      vertex -0.7956668099479275 -0.5316475653085995 0.29028467725446233
      vertex -0.8154931568489173 -0.5448951067758184 0.19509032201612833
      vertex -0.6935199226610739 -0.6935199226610737 0.19509032201612833
    endloop
  endfacet
  facet normal -0.7500570498290257 -0.6155559127061969 0.24187877197931054
    outer loop
      vertex -0.7956668099479275 -0.5316475653085995 0.29028467725446233
      vertex -0.6935199226610739 -0.6935199226610737 0.19509032201612833
      vertex -0.6766590005871765 -0.6766590005871763 0.29028467725446233
    endloop
  endfacet
  facet normal -0.6155559127061966 -0.7500570498290262 0.24187877197931046
    outer loop
      vertex -0.6766590005871765 -0.6766590005871763 0.29028467725446233
      vertex -0.6935199226610739 -0.6935199226610737 0.19509032201612833
      vertex -0.5448951067758185 -0.8154931568489171 0.19509032201612833
    endloop
  endfacet
  facet normal -0.615555912706197 -0.7500570498290259 0.24187877197930946
    outer loop
      vertex -0.6766590005871765 -0.6766590005871763 0.29028467725446233
      vertex -0.5448951067758185 -0.8154931568489171 0.19509032201612833
      vertex -0.5316475653085997 -0.7956668099479273 0.29028467725446233
    endloop
  endfacet
  facet normal -0.4573993070658026 -0.8557339151637644 0.2418787719793096
    outer loop
      vertex -0.5316475653085997 -0.7956668099479273 0.29028467725446233
      vertex -0.5448951067758185 -0.8154931568489171 0.19509032201612833
      vertex -0.3753302775178658 -0.9061274463528876 0.19509032201612833
    endloop
  endfacet
  facet normal -0.4573993070658025 -0.8557339151637644 0.24187877197930985
    outer loop
      vertex -0.5316475653085997 -0.7956668099479273 0.29028467725446233
      vertex -0.3753302775178658 -0.9061274463528876 0.19509032201612833
      vertex -0.36620521224660363 -0.8840975900174668 0.29028467725446233
    endloop
  endfacet
  facet normal -0.2816651025673556 -0.9285254060398682 0.24187877197930974
    outer loop
      vertex -0.36620521224660363 -0.8840975900174668 0.29028467725446233
      vertex -0.3753302775178658 -0.9061274463528876 0.19509032201612833
      vertex -0.19134171618254528 -0.9619397662556433 0.19509032201612833
    endloop
  endfacet
  facet normal -0.2816651025673553 -0.9285254060398682 0.24187877197931035
    outer loop
      vertex -0.36620521224660363 -0.8840975900174668 0.29028467725446233
      vertex -0.19134171618254528 -0.9619397662556433 0.19509032201612833
      vertex -0.1866897982482189 -0.9385529955102759 0.29028467725446233
    endloop
  endfacet
  facet normal -0.09510666613685423 -0.9656341862849066 0.24187877197931038
    outer loop
      vertex -0.1866897982482189 -0.9385529955102759 0.29028467725446233
      vertex -0.19134171618254528 -0.9619397662556433 0.19509032201612833
      vertex -1.8016733314449831e-16 -0.9807852804032304 0.19509032201612833
    endloop
  endfacet
  facet normal -0.0951066661368542 -0.9656341862849066 0.2418787719793104
    outer loop
      vertex -0.1866897982482189 -0.9385529955102759 0.29028467725446233
      vertex -1.8016733314449831e-16 -0.9807852804032304 0.19509032201612833
      vertex -1.7578708786941646e-16 -0.9569403357322089 0.29028467725446233
    endloop
  endfacet
  facet normal 0.09510666613685367 -0.9656341862849066 0.2418787719793104
    outer loop
      vertex -1.7578708786941646e-16 -0.9569403357322089 0.29028467725446233
      vertex -1.8016733314449831e-16 -0.9807852804032304 0.19509032201612833
      vertex 0.19134171618254492 -0.9619397662556434 0.19509032201612833
    endloop
  endfacet
  facet normal 0.09510666613685366 -0.9656341862849068 0.24187877197931035
    outer loop
      vertex -1.7578708786941646e-16 -0.9569403357322089 0.29028467725446233
      vertex 0.19134171618254492 -0.9619397662556434 0.19509032201612833
      vertex 0.18668979824821857 -0.938552995510276 0.29028467725446233
    endloop
  endfacet
  facet normal 0.28166510256735555 -0.928525406039868 0.2418787719793103
    outer loop
      vertex 0.18668979824821857 -0.938552995510276 0.29028467725446233
      vertex 0.19134171618254492 -0.9619397662556434 0.19509032201612833
      vertex 0.37533027751786546 -0.9061274463528877 0.19509032201612833
    endloop
  endfacet
  facet normal 0.28166510256735533 -0.9285254060398683 0.24187877197930974
    outer loop
      vertex 0.18668979824821857 -0.938552995510276 0.29028467725446233
      vertex 0.37533027751786546 -0.9061274463528877 0.19509032201612833
      vertex 0.3662052122466033 -0.8840975900174669 0.29028467725446233
    endloop
  endfacet
  facet normal 0.45739930706580195 -0.8557339151637647 0.24187877197930982
    outer loop
      vertex 0.3662052122466033 -0.8840975900174669 0.29028467725446233
      vertex 0.37533027751786546 -0.9061274463528877 0.19509032201612833
      vertex 0.5448951067758183 -0.8154931568489173 0.19509032201612833
    endloop
  endfacet
  facet normal 0.45739930706580206 -0.8557339151637646 0.24187877197931007
    outer loop
      vertex 0.3662052122466033 -0.8840975900174669 0.29028467725446233
      vertex 0.5448951067758183 -0.8154931568489173 0.19509032201612833
      vertex 0.5316475653085994 -0.7956668099479275 0.29028467725446233
    endloop
  endfacet
  facet normal 0.6155559127061968 -0.7500570498290258 0.24187877197931018
    outer loop
      vertex 0.5316475653085994 -0.7956668099479275 0.29028467725446233
      vertex 0.5448951067758183 -0.8154931568489173 0.19509032201612833
      vertex 0.6935199226610735 -0.6935199226610739 0.19509032201612833
    endloop
  endfacet
  facet normal 0.6155559127061969 -0.7500570498290257 0.24187877197931054
    outer loop
      vertex 0.5316475653085994 -0.7956668099479275 0.29028467725446233
      vertex 0.6935199226610735 -0.6935199226610739 0.19509032201612833
      vertex 0.6766590005871762 -0.6766590005871765 0.29028467725446233
    endloop
  endfacet
  facet normal 0.7500570498290258 -0.6155559127061968 0.24187877197931043
    outer loop
      vertex 0.6766590005871762 -0.6766590005871765 0.29028467725446233
      vertex 0.6935199226610735 -0.6935199226610739 0.19509032201612833
      vertex 0.8154931568489171 -0.5448951067758185 0.19509032201612833
    endloop
  endfacet
  facet normal 0.7500570498290255 -0.6155559127061974 0.24187877197930954
    outer loop
      vertex 0.6766590005871762 -0.6766590005871765 0.29028467725446233
      vertex 0.8154931568489171 -0.5448951067758185 0.19509032201612833
      vertex 0.7956668099479273 -0.5316475653085997 0.29028467725446233
    endloop
  endfacet
  facet normal 0.8557339151637644 -0.4573993070658027 0.2418787719793096
    outer loop
      vertex 0.7956668099479273 -0.5316475653085997 0.29028467725446233
      vertex 0.8154931568489171 -0.5448951067758185 0.19509032201612833
      vertex 0.9061274463528876 -0.37533027751786585 0.19509032201612833
    endloop
  endfacet
  facet normal 0.8557339151637644 -0.4573993070658026 0.2418787719793098
    outer loop
      vertex 0.7956668099479273 -0.5316475653085997 0.29028467725446233
      vertex 0.9061274463528876 -0.37533027751786585 0.19509032201612833
      vertex 0.8840975900174668 -0.3662052122466037 0.29028467725446233
    endloop
  endfacet
  facet normal 0.9285254060398682 -0.2816651025673556 0.24187877197930974
    outer loop
      vertex 0.8840975900174668 -0.3662052122466037 0.29028467725446233
      vertex 0.9061274463528876 -0.37533027751786585 0.19509032201612833
      vertex 0.9619397662556433 -0.19134171618254533 0.19509032201612833
    endloop
  endfacet
  facet normal 0.9285254060398682 -0.2816651025673553 0.24187877197931035
    outer loop
      vertex 0.8840975900174668 -0.3662052122466037 0.29028467725446233
      vertex 0.9619397662556433 -0.19134171618254533 0.19509032201612833
      vertex 0.9385529955102759 -0.18668979824821896 0.29028467725446233
    endloop
  endfacet
  facet normal 0.9656341862849066 -0.09510666613685424 0.24187877197931038
    outer loop
      vertex 0.9385529955102759 -0.18668979824821896 0.29028467725446233
      vertex 0.9619397662556433 -0.19134171618254533 0.19509032201612833
      vertex 0.9807852804032304 -2.402231108593311e-16 0.19509032201612833
    endloop
  endfacet
  facet normal 0.9656341862849066 -0.0951066661368542 0.24187877197931046
    outer loop
      vertex 0.9385529955102759 -0.18668979824821896 0.29028467725446233
      vertex 0.9807852804032304 -2.402231108593311e-16 0.19509032201612833
      vertex 0.9569403357322089 -2.3438278382588863e-16 0.29028467725446233
    endloop
  endfacet
  facet normal 0.9845151809100494 0.09696628179426345 0.1460390316067866
    outer loop
      vertex 0.9807852804032304 0.0 0.19509032201612833
      vertex 0.9951847266721968 0.0 0.09801714032956077
      vertex 0.9760625312022028 0.19415090879201144 0.09801714032956077
    endloop
  endfacet
  facet normal 0.9845151809100495 0.0969662817942632 0.1460390316067861
    outer loop
      vertex 0.9807852804032304 0.0 0.19509032201612833
      vertex 0.9760625312022028 0.19415090879201144 0.09801714032956077
      vertex 0.9619397662556434 0.19134171618254486 0.19509032201612833
    endloop
  endfacet
  facet normal 0.9466808146301507 0.28717248555275315 0.14603903160678608
    outer loop
      vertex 0.9619397662556434 0.19134171618254486 0.19509032201612833
      vertex 0.9760625312022028 0.19415090879201144 0.09801714032956077
      vertex 0.9194308000402819 0.38084070704023 0.09801714032956077
    endloop
  endfacet
  facet normal 0.9466808146301505 0.28717248555275365 0.1460390316067871
    outer loop
      vertex 0.9619397662556434 0.19134171618254486 0.19509032201612833
      vertex 0.9194308000402819 0.38084070704023 0.09801714032956077
      vertex 0.9061274463528878 0.37533027751786524 0.19509032201612833
    endloop
  endfacet
  facet normal 0.872466035548732 0.4663428117396368 0.146039031606787
    outer loop
      vertex 0.9061274463528878 0.37533027751786524 0.19509032201612833
      vertex 0.9194308000402819 0.38084070704023 0.09801714032956077
      vertex 0.8274658588555459 0.5528950104948215 0.09801714032956077
    endloop
  endfacet
  facet normal 0.8724660355487323 0.46634281173963676 0.1460390316067868
    outer loop
      vertex 0.9061274463528878 0.37533027751786524 0.19509032201612833
      vertex 0.8274658588555459 0.5528950104948215 0.09801714032956077
      vertex 0.8154931568489171 0.5448951067758185 0.19509032201612833
    endloop
  endfacet
  facet normal 0.7647228760057658 0.6275918451994276 0.14603903160678688
    outer loop
      vertex 0.8154931568489171 0.5448951067758185 0.19509032201612833
      vertex 0.8274658588555459 0.5528950104948215 0.09801714032956077
      vertex 0.7037018687631912 0.7037018687631911 0.09801714032956077
    endloop
  endfacet
  facet normal 0.764722876005766 0.6275918451994271 0.14603903160678616
    outer loop
      vertex 0.8154931568489171 0.5448951067758185 0.19509032201612833
      vertex 0.7037018687631912 0.7037018687631911 0.09801714032956077
      vertex 0.6935199226610738 0.6935199226610737 0.19509032201612833
    endloop
  endfacet
  facet normal 0.6275918451994279 0.7647228760057655 0.14603903160678605
    outer loop
      vertex 0.6935199226610738 0.6935199226610737 0.19509032201612833
      vertex 0.7037018687631912 0.7037018687631911 0.09801714032956077
      vertex 0.5528950104948216 0.8274658588555459 0.09801714032956077
    endloop
  endfacet
  facet normal 0.6275918451994275 0.7647228760057657 0.14603903160678702
    outer loop
      vertex 0.6935199226610738 0.6935199226610737 0.19509032201612833
      vertex 0.5528950104948216 0.8274658588555459 0.09801714032956077
      vertex 0.5448951067758186 0.8154931568489171 0.19509032201612833
    endloop
  endfacet
  facet normal 0.4663428117396367 0.872466035548732 0.1460390316067868
    outer loop
      vertex 0.5448951067758186 0.8154931568489171 0.19509032201612833
      vertex 0.5528950104948216 0.8274658588555459 0.09801714032956077
      vertex 0.38084070704023004 0.9194308000402819 0.09801714032956077
    endloop
  endfacet
  facet normal 0.4663428117396366 0.8724660355487323 0.1460390316067871
    outer loop
      vertex 0.5448951067758186 0.8154931568489171 0.19509032201612833
      vertex 0.38084070704023004 0.9194308000402819 0.09801714032956077
      vertex 0.3753302775178653 0.9061274463528878 0.19509032201612833
    endloop
  endfacet
  facet normal 0.2871724855527532 0.9466808146301505 0.14603903160678705
    outer loop
      vertex 0.3753302775178653 0.9061274463528878 0.19509032201612833
      vertex 0.38084070704023004 0.9194308000402819 0.09801714032956077
      vertex 0.19415090879201152 0.9760625312022028 0.09801714032956077
    endloop
  endfacet
  facet normal 0.28717248555275376 0.9466808146301506 0.14603903160678608
    outer loop
      vertex 0.3753302775178653 0.9061274463528878 0.19509032201612833
      vertex 0.19415090879201152 0.9760625312022028 0.09801714032956077
      vertex 0.19134171618254495 0.9619397662556434 0.19509032201612833
    endloop
  endfacet
  facet normal 0.09696628179426345 0.9845151809100496 0.1460390316067861
    outer loop
      vertex 0.19134171618254495 0.9619397662556434 0.19509032201612833
      vertex 0.19415090879201152 0.9760625312022028 0.09801714032956077
      vertex 6.093748950397197e-17 0.9951847266721968 0.09801714032956077
    endloop
  endfacet
  facet normal 0.09696628179426318 0.9845151809100495 0.1460390316067866
    outer loop
      vertex 0.19134171618254495 0.9619397662556434 0.19509032201612833
      vertex 6.093748950397197e-17 0.9951847266721968 0.09801714032956077
      vertex 6.005577771483278e-17 0.9807852804032304 0.19509032201612833
    endloop
  endfacet
  facet normal -0.09696628179426345 0.9845151809100494 0.1460390316067866
    outer loop
      vertex 6.005577771483278e-17 0.9807852804032304 0.19509032201612833
      vertex 6.093748950397197e-17 0.9951847266721968 0.09801714032956077
      vertex -0.19415090879201138 0.9760625312022028 0.09801714032956077
    endloop
  endfacet
  facet normal -0.0969662817942632 0.9845151809100495 0.1460390316067861
    outer loop
      vertex 6.005577771483278e-17 0.9807852804032304 0.19509032201612833
      vertex -0.19415090879201138 0.9760625312022028 0.09801714032956077
      vertex -0.1913417161825448 0.9619397662556434 0.19509032201612833
    endloop
  endfacet
  facet normal -0.28717248555275315 0.9466808146301507 0.14603903160678608
    outer loop
      vertex -0.1913417161825448 0.9619397662556434 0.19509032201612833
      vertex -0.19415090879201138 0.9760625312022028 0.09801714032956077
      vertex -0.38084070704022993 0.9194308000402819 0.09801714032956077
    endloop
  endfacet
  facet normal -0.28717248555275365 0.9466808146301505 0.1460390316067871
    outer loop
      vertex -0.1913417161825448 0.9619397662556434 0.19509032201612833
      vertex -0.38084070704022993 0.9194308000402819 0.09801714032956077
      vertex -0.3753302775178652 0.9061274463528878 0.19509032201612833
    endloop
  endfacet
  facet normal -0.4663428117396364 0.8724660355487324 0.14603903160678705
    outer loop
      vertex -0.3753302775178652 0.9061274463528878 0.19509032201612833
      vertex -0.38084070704022993 0.9194308000402819 0.09801714032956077
      vertex -0.5528950104948213 0.8274658588555461 0.09801714032956077
    endloop
  endfacet
  facet normal -0.46634281173963604 0.8724660355487327 0.14603903160678616
    outer loop
      vertex -0.3753302775178652 0.9061274463528878 0.19509032201612833
      vertex -0.5528950104948213 0.8274658588555461 0.09801714032956077
      vertex -0.5448951067758184 0.8154931568489173 0.19509032201612833
    endloop
  endfacet
  facet normal -0.6275918451994276 0.7647228760057657 0.1460390316067862
    outer loop
      vertex -0.5448951067758184 0.8154931568489173 0.19509032201612833
      vertex -0.5528950104948213 0.8274658588555461 0.09801714032956077
      vertex -0.7037018687631911 0.7037018687631912 0.09801714032956077
    endloop
  endfacet
  facet normal -0.6275918451994276 0.7647228760057657 0.1460390316067862
    outer loop
      vertex -0.5448951067758184 0.8154931568489173 0.19509032201612833
      vertex -0.7037018687631911 0.7037018687631912 0.09801714032956077
      vertex -0.6935199226610737 0.6935199226610738 0.19509032201612833
    endloop
  endfacet
  facet normal -0.7647228760057655 0.6275918451994279 0.14603903160678608
    outer loop
      vertex -0.6935199226610737 0.6935199226610738 0.19509032201612833
      vertex -0.7037018687631911 0.7037018687631912 0.09801714032956077
      vertex -0.827465858855546 0.5528950104948215 0.09801714032956077
    endloop
  endfacet
  facet normal -0.7647228760057657 0.6275918451994276 0.1460390316067869
    outer loop
      vertex -0.6935199226610737 0.6935199226610738 0.19509032201612833
      vertex -0.827465858855546 0.5528950104948215 0.09801714032956077
      vertex -0.8154931568489172 0.5448951067758185 0.19509032201612833
    endloop
  endfacet
  facet normal -0.8724660355487323 0.4663428117396367 0.1460390316067868
    outer loop
      vertex -0.8154931568489172 0.5448951067758185 0.19509032201612833
      vertex -0.827465858855546 0.5528950104948215 0.09801714032956077
      vertex -0.9194308000402819 0.3808407070402301 0.09801714032956077
    endloop
  endfacet
  facet normal -0.8724660355487321 0.4663428117396365 0.14603903160678697
    outer loop
      vertex -0.8154931568489172 0.5448951067758185 0.19509032201612833
      vertex -0.9194308000402819 0.3808407070402301 0.09801714032956077
      vertex -0.9061274463528878 0.37533027751786535 0.19509032201612833
    endloop
  endfacet
  facet normal -0.9466808146301506 0.2871724855527536 0.14603903160678708
    outer loop
      vertex -0.9061274463528878 0.37533027751786535 0.19509032201612833
      vertex -0.9194308000402819 0.3808407070402301 0.09801714032956077
      vertex -0.9760625312022028 0.1941509087920118 0.09801714032956077
    endloop
  endfacet
  facet normal -0.9466808146301505 0.2871724855527541 0.14603903160678613
    outer loop
      vertex -0.9061274463528878 0.37533027751786535 0.19509032201612833
      vertex -0.9760625312022028 0.1941509087920118 0.09801714032956077
      vertex -0.9619397662556434 0.19134171618254522 0.19509032201612833
    endloop
  endfacet
  facet normal -0.9845151809100496 0.09696628179426334 0.1460390316067861
    outer loop
      vertex -0.9619397662556434 0.19134171618254522 0.19509032201612833
      vertex -0.9760625312022028 0.1941509087920118 0.09801714032956077
      vertex -0.9951847266721968 1.2187497900794394e-16 0.09801714032956077
    endloop
  endfacet
  facet normal -0.9845151809100495 0.09696628179426307 0.14603903160678663
    outer loop
      vertex -0.9619397662556434 0.19134171618254522 0.19509032201612833
      vertex -0.9951847266721968 1.2187497900794394e-16 0.09801714032956077
      vertex -0.9807852804032304 1.2011155542966555e-16 0.19509032201612833
    endloop
  endfacet
  facet normal -0.9845151809100495 -0.09696628179426334 0.1460390316067866
    outer loop
      vertex -0.9807852804032304 1.2011155542966555e-16 0.19509032201612833
      vertex -0.9951847266721968 1.2187497900794394e-16 0.09801714032956077
      vertex -0.9760625312022028 -0.19415090879201155 0.09801714032956077
    endloop
  endfacet
  facet normal -0.9845151809100495 -0.09696628179426307 0.14603903160678608
    outer loop
      vertex -0.9807852804032304 1.2011155542966555e-16 0.19509032201612833
      vertex -0.9760625312022028 -0.19415090879201155 0.09801714032956077
      vertex -0.9619397662556434 -0.19134171618254497 0.19509032201612833
    endloop
  endfacet
  facet normal -0.9466808146301509 -0.287172485552753 0.14603903160678608
    outer loop
      vertex -0.9619397662556434 -0.19134171618254497 0.19509032201612833
      vertex -0.9760625312022028 -0.19415090879201155 0.09801714032956077
      vertex -0.919430800040282 -0.3808407070402299 0.09801714032956077
    endloop
  endfacet
  facet normal -0.9466808146301505 -0.2871724855527535 0.14603903160678716
    outer loop
      vertex -0.9619397662556434 -0.19134171618254497 0.19509032201612833
      vertex -0.919430800040282 -0.3808407070402299 0.09801714032956077
      vertex -0.9061274463528879 -0.37533027751786513 0.19509032201612833
    endloop
  endfacet
  facet normal -0.8724660355487323 -0.4663428117396367 0.14603903160678705
    outer loop
      vertex -0.9061274463528879 -0.37533027751786513 0.19509032201612833
      vertex -0.919430800040282 -0.3808407070402299 0.09801714032956077
      vertex -0.8274658588555461 -0.5528950104948213 0.09801714032956077
    endloop
  endfacet
  facet normal -0.8724660355487324 -0.4663428117396363 0.14603903160678636
    outer loop
      vertex -0.9061274463528879 -0.37533027751786513 0.19509032201612833
      vertex -0.8274658588555461 -0.5528950104948213 0.09801714032956077
      vertex -0.8154931568489173 -0.5448951067758184 0.19509032201612833
    endloop
  endfacet
  facet normal -0.7647228760057659 -0.6275918451994272 0.1460390316067862
    outer loop
      vertex -0.8154931568489173 -0.5448951067758184 0.19509032201612833
      vertex -0.8274658588555461 -0.5528950104948213 0.09801714032956077
      vertex -0.7037018687631913 -0.7037018687631911 0.09801714032956077
    endloop
  endfacet
  facet normal -0.764722876005766 -0.6275918451994272 0.14603903160678605
    outer loop
      vertex -0.8154931568489173 -0.5448951067758184 0.19509032201612833
      vertex -0.7037018687631913 -0.7037018687631911 0.09801714032956077
      vertex -0.6935199226610739 -0.6935199226610737 0.19509032201612833
    endloop
  endfacet
  facet normal -0.6275918451994272 -0.764722876005766 0.14603903160678605
    outer loop
      vertex -0.6935199226610739 -0.6935199226610737 0.19509032201612833
      vertex -0.7037018687631913 -0.7037018687631911 0.09801714032956077
      vertex -0.5528950104948215 -0.8274658588555459 0.09801714032956077
    endloop
  endfacet
  facet normal -0.627591845199427 -0.7647228760057663 0.1460390316067869
    outer loop
      vertex -0.6935199226610739 -0.6935199226610737 0.19509032201612833
      vertex -0.5528950104948215 -0.8274658588555459 0.09801714032956077
      vertex -0.5448951067758185 -0.8154931568489171 0.19509032201612833
    endloop
  endfacet
  facet normal -0.46634281173963715 -0.872466035548732 0.14603903160678683
    outer loop
      vertex -0.5448951067758185 -0.8154931568489171 0.19509032201612833
      vertex -0.5528950104948215 -0.8274658588555459 0.09801714032956077
      vertex -0.38084070704023054 -0.9194308000402817 0.09801714032956077
    endloop
  endfacet
  facet normal -0.466342811739637 -0.8724660355487319 0.1460390316067869
    outer loop
      vertex -0.5448951067758185 -0.8154931568489171 0.19509032201612833
      vertex -0.38084070704023054 -0.9194308000402817 0.09801714032956077
      vertex -0.3753302775178658 -0.9061274463528876 0.19509032201612833
    endloop
  endfacet
  facet normal -0.28717248555275354 -0.9466808146301505 0.1460390316067871
    outer loop
      vertex -0.3753302775178658 -0.9061274463528876 0.19509032201612833
      vertex -0.38084070704023054 -0.9194308000402817 0.09801714032956077
      vertex -0.19415090879201186 -0.9760625312022027 0.09801714032956077
    endloop
  endfacet
  facet normal -0.28717248555275404 -0.9466808146301505 0.1460390316067861
    outer loop
      vertex -0.3753302775178658 -0.9061274463528876 0.19509032201612833
      vertex -0.19415090879201186 -0.9760625312022027 0.09801714032956077
      vertex -0.19134171618254528 -0.9619397662556433 0.19509032201612833
    endloop
  endfacet
  facet normal -0.09696628179426389 -0.9845151809100495 0.1460390316067861
    outer loop
      vertex -0.19134171618254528 -0.9619397662556433 0.19509032201612833
      vertex -0.19415090879201186 -0.9760625312022027 0.09801714032956077
      vertex -1.828124685119159e-16 -0.9951847266721968 0.09801714032956077
    endloop
  endfacet
  facet normal -0.09696628179426361 -0.9845151809100494 0.1460390316067866
    outer loop
      vertex -0.19134171618254528 -0.9619397662556433 0.19509032201612833
      vertex -1.828124685119159e-16 -0.9951847266721968 0.09801714032956077
      vertex -1.8016733314449831e-16 -0.9807852804032304 0.19509032201612833
    endloop
  endfacet
  facet normal 0.09696628179426334 -0.9845151809100495 0.1460390316067866
    outer loop
      vertex -1.8016733314449831e-16 -0.9807852804032304 0.19509032201612833
      vertex -1.828124685119159e-16 -0.9951847266721968 0.09801714032956077
      vertex 0.1941509087920115 -0.9760625312022028 0.09801714032956077
    endloop
  endfacet
  facet normal 0.09696628179426307 -0.9845151809100495 0.14603903160678608
    outer loop
      vertex -1.8016733314449831e-16 -0.9807852804032304 0.19509032201612833
      vertex 0.1941509087920115 -0.9760625312022028 0.09801714032956077
      vertex 0.19134171618254492 -0.9619397662556434 0.19509032201612833
    endloop
  endfacet
  facet normal 0.2871724855527536 -0.9466808146301507 0.1460390316067861
    outer loop
      vertex 0.19134171618254492 -0.9619397662556434 0.19509032201612833
      vertex 0.1941509087920115 -0.9760625312022028 0.09801714032956077
      vertex 0.3808407070402302 -0.9194308000402818 0.09801714032956077
    endloop
  endfacet
  facet normal 0.28717248555275393 -0.9466808146301503 0.14603903160678708
    outer loop
      vertex 0.19134171618254492 -0.9619397662556434 0.19509032201612833
      vertex 0.3808407070402302 -0.9194308000402818 0.09801714032956077
      vertex 0.37533027751786546 -0.9061274463528877 0.19509032201612833
    endloop
  endfacet
  facet normal 0.4663428117396367 -0.8724660355487321 0.14603903160678702
    outer loop
      vertex 0.37533027751786546 -0.9061274463528877 0.19509032201612833
      vertex 0.3808407070402302 -0.9194308000402818 0.09801714032956077
      vertex 0.5528950104948211 -0.8274658588555461 0.09801714032956077
    endloop
  endfacet
  facet normal 0.46634281173963643 -0.8724660355487325 0.14603903160678636
    outer loop
      vertex 0.37533027751786546 -0.9061274463528877 0.19509032201612833
      vertex 0.5528950104948211 -0.8274658588555461 0.09801714032956077
      vertex 0.5448951067758183 -0.8154931568489173 0.19509032201612833
    endloop
  endfacet
  facet normal 0.6275918451994272 -0.7647228760057659 0.1460390316067862
    outer loop
      vertex 0.5448951067758183 -0.8154931568489173 0.19509032201612833
      vertex 0.5528950104948211 -0.8274658588555461 0.09801714032956077
      vertex 0.703701868763191 -0.7037018687631913 0.09801714032956077
    endloop
  endfacet
  facet normal 0.6275918451994272 -0.764722876005766 0.14603903160678605
    outer loop
      vertex 0.5448951067758183 -0.8154931568489173 0.19509032201612833
      vertex 0.703701868763191 -0.7037018687631913 0.09801714032956077
      vertex 0.6935199226610735 -0.6935199226610739 0.19509032201612833
    endloop
  endfacet
  facet normal 0.7647228760057657 -0.6275918451994276 0.14603903160678605
    outer loop
      vertex 0.6935199226610735 -0.6935199226610739 0.19509032201612833
      vertex 0.703701868763191 -0.7037018687631913 0.09801714032956077
      vertex 0.8274658588555459 -0.5528950104948215 0.09801714032956077
    endloop
  endfacet
  facet normal 0.7647228760057658 -0.6275918451994271 0.14603903160678683
    outer loop
      vertex 0.6935199226610735 -0.6935199226610739 0.19509032201612833
      vertex 0.8274658588555459 -0.5528950104948215 0.09801714032956077
      vertex 0.8154931568489171 -0.5448951067758185 0.19509032201612833
    endloop
  endfacet
  facet normal 0.872466035548732 -0.46634281173963726 0.14603903160678683
    outer loop
      vertex 0.8154931568489171 -0.5448951067758185 0.19509032201612833
      vertex 0.8274658588555459 -0.5528950104948215 0.09801714032956077
      vertex 0.9194308000402817 -0.3808407070402306 0.09801714032956077
    endloop
  endfacet
  facet normal 0.872466035548732 -0.4663428117396372 0.14603903160678708
    outer loop
      vertex 0.8154931568489171 -0.5448951067758185 0.19509032201612833
      vertex 0.9194308000402817 -0.3808407070402306 0.09801714032956077
      vertex 0.9061274463528876 -0.37533027751786585 0.19509032201612833
    endloop
  endfacet
  facet normal 0.9466808146301505 -0.28717248555275354 0.1460390316067871
    outer loop
      vertex 0.9061274463528876 -0.37533027751786585 0.19509032201612833
      vertex 0.9194308000402817 -0.3808407070402306 0.09801714032956077
      vertex 0.9760625312022027 -0.1941509087920119 0.09801714032956077
    endloop
  endfacet
  facet normal 0.9466808146301505 -0.28717248555275404 0.1460390316067861
    outer loop
      vertex 0.9061274463528876 -0.37533027751786585 0.19509032201612833
      vertex 0.9760625312022027 -0.1941509087920119 0.09801714032956077
      vertex 0.9619397662556433 -0.19134171618254533 0.19509032201612833
    endloop
  endfacet
  facet normal 0.9845151809100495 -0.09696628179426389 0.1460390316067861
    outer loop
      vertex 0.9619397662556433 -0.19134171618254533 0.19509032201612833
      vertex 0.9760625312022027 -0.1941509087920119 0.09801714032956077
      vertex 0.9951847266721968 -2.437499580158879e-16 0.09801714032956077
    endloop
  endfacet
  facet normal 0.9845151809100494 -0.09696628179426361 0.14603903160678658
    outer loop
      vertex 0.9619397662556433 -0.19134171618254533 0.19509032201612833
      vertex 0.9951847266721968 -2.437499580158879e-16 0.09801714032956077
      vertex 0.9807852804032304 -2.402231108593311e-16 0.19509032201612833
    endloop
  endfacet
  facet normal 0.9939974792450544 0.09790020666432925 0.04883196483410157
    outer loop
      vertex 0.9951847266721968 0.0 0.09801714032956077
      vertex 1.0 0.0 6.123233995736766e-17
      vertex 0.9807852804032304 0.19509032201612825 6.123233995736766e-17
    endloop
  endfacet
  facet normal 0.9939974792450545 0.0979002066643294 0.04883196483410184
    outer loop
      vertex 0.9951847266721968 0.0 0.09801714032956077
      vertex 0.9807852804032304 0.19509032201612825 6.123233995736766e-17
      vertex 0.9760625312022028 0.19415090879201144 0.09801714032956077
    endloop
  endfacet
  facet normal 0.9557987135578756 0.28993836995394573 0.04883196483410185
    outer loop
      vertex 0.9760625312022028 0.19415090879201144 0.09801714032956077
      vertex 0.9807852804032304 0.19509032201612825 6.123233995736766e-17
      vertex 0.9238795325112867 0.3826834323650898 6.123233995736766e-17
    endloop
  endfacet
  facet normal 0.9557987135578757 0.28993836995394556 0.048831964834101446
    outer loop
      vertex 0.9760625312022028 0.19415090879201144 0.09801714032956077
      vertex 0.9238795325112867 0.3826834323650898 6.123233995736766e-17
      vertex 0.9194308000402819 0.38084070704023 0.09801714032956077
    endloop
  endfacet
  facet normal 0.8808691393267613 0.4708343642855433 0.04883196483410146
    outer loop
      vertex 0.9194308000402819 0.38084070704023 0.09801714032956077
      vertex 0.9238795325112867 0.3826834323650898 6.123233995736766e-17
      vertex 0.8314696123025452 0.5555702330196022 6.123233995736766e-17
    endloop
  endfacet
  facet normal 0.8808691393267613 0.4708343642855436 0.04883196483410183
    outer loop
      vertex 0.9194308000402819 0.38084070704023 0.09801714032956077
      vertex 0.8314696123025452 0.5555702330196022 6.123233995736766e-17
      vertex 0.8274658588555459 0.5528950104948215 0.09801714032956077
    endloop
  endfacet
  facet normal 0.7720882580684242 0.6336364580446009 0.04883196483410182
    outer loop
      vertex 0.8274658588555459 0.5528950104948215 0.09801714032956077
      vertex 0.8314696123025452 0.5555702330196022 6.123233995736766e-17
      vertex 0.7071067811865476 0.7071067811865475 6.123233995736766e-17
    endloop
  endfacet
  facet normal 0.7720882580684242 0.6336364580446011 0.04883196483410219
    outer loop
      vertex 0.8274658588555459 0.5528950104948215 0.09801714032956077
      vertex 0.7071067811865476 0.7071067811865475 6.123233995736766e-17
      vertex 0.7037018687631912 0.7037018687631911 0.09801714032956077
    endloop
  endfacet
  facet normal 0.6336364580446012 0.7720882580684241 0.048831964834102216
    outer loop
      vertex 0.7037018687631912 0.7037018687631911 0.09801714032956077
      vertex 0.7071067811865476 0.7071067811865475 6.123233995736766e-17
      vertex 0.5555702330196023 0.8314696123025452 6.123233995736766e-17
    endloop
  endfacet
  facet normal 0.6336364580446013 0.7720882580684238 0.04883196483410181
    outer loop
      vertex 0.7037018687631912 0.7037018687631911 0.09801714032956077
      vertex 0.5555702330196023 0.8314696123025452 6.123233995736766e-17
      vertex 0.5528950104948216 0.8274658588555459 0.09801714032956077
    endloop
  endfacet
  facet normal 0.4708343642855433 0.8808691393267613 0.048831964834101856
    outer loop
      vertex 0.5528950104948216 0.8274658588555459 0.09801714032956077
      vertex 0.5555702330196023 0.8314696123025452 6.123233995736766e-17
      vertex 0.38268343236508984 0.9238795325112867 6.123233995736766e-17
    endloop
  endfacet
  facet normal 0.4708343642855434 0.8808691393267614 0.048831964834101446
    outer loop
      vertex 0.5528950104948216 0.8274658588555459 0.09801714032956077
      vertex 0.38268343236508984 0.9238795325112867 6.123233995736766e-17
      vertex 0.38084070704023004 0.9194308000402819 0.09801714032956077
    endloop
  endfacet
  facet normal 0.2899383699539458 0.9557987135578756 0.04883196483410145
    outer loop
      vertex 0.38084070704023004 0.9194308000402819 0.09801714032956077
      vertex 0.38268343236508984 0.9238795325112867 6.123233995736766e-17
      vertex 0.19509032201612833 0.9807852804032304 6.123233995736766e-17
    endloop
  endfacet
  facet normal 0.2899383699539456 0.9557987135578757 0.048831964834101814
    outer loop
      vertex 0.38084070704023004 0.9194308000402819 0.09801714032956077
      vertex 0.19509032201612833 0.9807852804032304 6.123233995736766e-17
      vertex 0.19415090879201152 0.9760625312022028 0.09801714032956077
    endloop
  endfacet
  facet normal 0.09790020666432925 0.9939974792450545 0.048831964834101835
    outer loop
      vertex 0.19415090879201152 0.9760625312022028 0.09801714032956077
      vertex 0.19509032201612833 0.9807852804032304 6.123233995736766e-17
      vertex 6.123233995736766e-17 1.0 6.123233995736766e-17
    endloop
  endfacet
  facet normal 0.09790020666432939 0.9939974792450545 0.048831964834101606
    outer loop
      vertex 0.19415090879201152 0.9760625312022028 0.09801714032956077
      vertex 6.123233995736766e-17 1.0 6.123233995736766e-17
      vertex 6.093748950397197e-17 0.9951847266721968 0.09801714032956077
    endloop
  endfacet
  facet normal -0.09790020666432925 0.9939974792450544 0.04883196483410157
    outer loop
      vertex 6.093748950397197e-17 0.9951847266721968 0.09801714032956077
      vertex 6.123233995736766e-17 1.0 6.123233995736766e-17
      vertex -0.1950903220161282 0.9807852804032304 6.123233995736766e-17
    endloop
  endfacet
  facet normal -0.0979002066643294 0.9939974792450545 0.04883196483410184
    outer loop
      vertex 6.093748950397197e-17 0.9951847266721968 0.09801714032956077
      vertex -0.1950903220161282 0.9807852804032304 6.123233995736766e-17
      vertex -0.19415090879201138 0.9760625312022028 0.09801714032956077
    endloop
  endfacet
  facet normal -0.28993836995394573 0.9557987135578756 0.04883196483410185
    outer loop
      vertex -0.19415090879201138 0.9760625312022028 0.09801714032956077
      vertex -0.1950903220161282 0.9807852804032304 6.123233995736766e-17
      vertex -0.3826834323650897 0.9238795325112867 6.123233995736766e-17
    endloop
  endfacet
  facet normal -0.28993836995394556 0.9557987135578757 0.048831964834101446
    outer loop
      vertex -0.19415090879201138 0.9760625312022028 0.09801714032956077
      vertex -0.3826834323650897 0.9238795325112867 6.123233995736766e-17
      vertex -0.38084070704022993 0.9194308000402819 0.09801714032956077
    endloop
  endfacet
  facet normal -0.4708343642855428 0.8808691393267617 0.048831964834101474
    outer loop
      vertex -0.38084070704022993 0.9194308000402819 0.09801714032956077
      vertex -0.3826834323650897 0.9238795325112867 6.123233995736766e-17
      vertex -0.555570233019602 0.8314696123025455 6.123233995736766e-17
    endloop
  endfacet
  facet normal -0.4708343642855431 0.8808691393267615 0.04883196483410189
    outer loop
      vertex -0.38084070704022993 0.9194308000402819 0.09801714032956077
      vertex -0.555570233019602 0.8314696123025455 6.123233995736766e-17
      vertex -0.5528950104948213 0.8274658588555461 0.09801714032956077
    endloop
  endfacet
  facet normal -0.6336364580446011 0.7720882580684242 0.04883196483410183
    outer loop
      vertex -0.5528950104948213 0.8274658588555461 0.09801714032956077
      vertex -0.555570233019602 0.8314696123025455 6.123233995736766e-17
      vertex -0.7071067811865475 0.7071067811865476 6.123233995736766e-17
    endloop
  endfacet
  facet normal -0.6336364580446011 0.7720882580684241 0.048831964834102105
    outer loop
      vertex -0.5528950104948213 0.8274658588555461 0.09801714032956077
      vertex -0.7071067811865475 0.7071067811865476 6.123233995736766e-17
      vertex -0.7037018687631911 0.7037018687631912 0.09801714032956077
    endloop
  endfacet
  facet normal -0.772088258068424 0.6336364580446012 0.048831964834102216
    outer loop
      vertex -0.7037018687631911 0.7037018687631912 0.09801714032956077
      vertex -0.7071067811865475 0.7071067811865476 6.123233995736766e-17
      vertex -0.8314696123025453 0.5555702330196022 6.123233995736766e-17
    endloop
  endfacet
  facet normal -0.7720882580684238 0.6336364580446014 0.04883196483410195
    outer loop
      vertex -0.7037018687631911 0.7037018687631912 0.09801714032956077
      vertex -0.8314696123025453 0.5555702330196022 6.123233995736766e-17
      vertex -0.827465858855546 0.5528950104948215 0.09801714032956077
    endloop
  endfacet
  facet normal -0.8808691393267614 0.4708343642855432 0.04883196483410184
    outer loop
      vertex -0.827465858855546 0.5528950104948215 0.09801714032956077
      vertex -0.8314696123025453 0.5555702330196022 6.123233995736766e-17
      vertex -0.9238795325112867 0.3826834323650899 6.123233995736766e-17
    endloop
  endfacet
  facet normal -0.8808691393267614 0.47083436428554337 0.048831964834101495
    outer loop
      vertex -0.827465858855546 0.5528950104948215 0.09801714032956077
      vertex -0.9238795325112867 0.3826834323650899 6.123233995736766e-17
      vertex -0.9194308000402819 0.3808407070402301 0.09801714032956077
    endloop
  endfacet
  facet normal -0.9557987135578755 0.28993836995394606 0.04883196483410145
    outer loop
      vertex -0.9194308000402819 0.3808407070402301 0.09801714032956077
      vertex -0.9238795325112867 0.3826834323650899 6.123233995736766e-17
      vertex -0.9807852804032304 0.1950903220161286 6.123233995736766e-17
    endloop
  endfacet
  facet normal -0.9557987135578755 0.2899383699539459 0.04883196483410186
    outer loop
      vertex -0.9194308000402819 0.3808407070402301 0.09801714032956077
      vertex -0.9807852804032304 0.1950903220161286 6.123233995736766e-17
      vertex -0.9760625312022028 0.1941509087920118 0.09801714032956077
    endloop
  endfacet
  facet normal -0.9939974792450545 0.09790020666432915 0.048831964834101835
    outer loop
      vertex -0.9760625312022028 0.1941509087920118 0.09801714032956077
      vertex -0.9807852804032304 0.1950903220161286 6.123233995736766e-17
      vertex -1.0 1.2246467991473532e-16 6.123233995736766e-17
    endloop
  endfacet
  facet normal -0.9939974792450545 0.09790020666432928 0.0488319648341016
    outer loop
      vertex -0.9760625312022028 0.1941509087920118 0.09801714032956077
      vertex -1.0 1.2246467991473532e-16 6.123233995736766e-17
      vertex -0.9951847266721968 1.2187497900794394e-16 0.09801714032956077
    endloop
  endfacet
  facet normal -0.9939974792450545 -0.09790020666432916 0.04883196483410158
    outer loop
      vertex -0.9951847266721968 1.2187497900794394e-16 0.09801714032956077
      vertex -1.0 1.2246467991473532e-16 6.123233995736766e-17
      vertex -0.9807852804032304 -0.19509032201612836 6.123233995736766e-17
    endloop
  endfacet
  facet normal -0.9939974792450545 -0.0979002066643293 0.04883196483410183
    outer loop
      vertex -0.9951847266721968 1.2187497900794394e-16 0.09801714032956077
      vertex -0.9807852804032304 -0.19509032201612836 6.123233995736766e-17
      vertex -0.9760625312022028 -0.19415090879201155 0.09801714032956077
    endloop
  endfacet
  facet normal -0.9557987135578757 -0.2899383699539455 0.048831964834101856
    outer loop
      vertex -0.9760625312022028 -0.19415090879201155 0.09801714032956077
      vertex -0.9807852804032304 -0.19509032201612836 6.123233995736766e-17
      vertex -0.9238795325112868 -0.38268343236508967 6.123233995736766e-17
    endloop
  endfacet
  facet normal -0.9557987135578758 -0.28993836995394534 0.04883196483410142
    outer loop
      vertex -0.9760625312022028 -0.19415090879201155 0.09801714032956077
      vertex -0.9238795325112868 -0.38268343236508967 6.123233995736766e-17
      vertex -0.919430800040282 -0.3808407070402299 0.09801714032956077
    endloop
  endfacet
  facet normal -0.8808691393267614 -0.4708343642855432 0.04883196483410147
    outer loop
      vertex -0.919430800040282 -0.3808407070402299 0.09801714032956077
      vertex -0.9238795325112868 -0.38268343236508967 6.123233995736766e-17
      vertex -0.8314696123025455 -0.555570233019602 6.123233995736766e-17
    endloop
  endfacet
  facet normal -0.8808691393267613 -0.4708343642855433 0.048831964834101946
    outer loop
      vertex -0.919430800040282 -0.3808407070402299 0.09801714032956077
      vertex -0.8314696123025455 -0.555570233019602 6.123233995736766e-17
      vertex -0.8274658588555461 -0.5528950104948213 0.09801714032956077
    endloop
  endfacet
  facet normal -0.7720882580684244 -0.6336364580446007 0.048831964834101835
    outer loop
      vertex -0.8274658588555461 -0.5528950104948213 0.09801714032956077
      vertex -0.8314696123025455 -0.555570233019602 6.123233995736766e-17
      vertex -0.7071067811865477 -0.7071067811865475 6.123233995736766e-17
    endloop
  endfacet
  facet normal -0.7720882580684244 -0.6336364580446008 0.04883196483410231
    outer loop
      vertex -0.8274658588555461 -0.5528950104948213 0.09801714032956077
      vertex -0.7071067811865477 -0.7071067811865475 6.123233995736766e-17
      vertex -0.7037018687631913 -0.7037018687631911 0.09801714032956077
    endloop
  endfacet
  facet normal -0.6336364580446007 -0.7720882580684245 0.048831964834102216
    outer loop
      vertex -0.7037018687631913 -0.7037018687631911 0.09801714032956077
      vertex -0.7071067811865477 -0.7071067811865475 6.123233995736766e-17
      vertex -0.5555702330196022 -0.8314696123025452 6.123233995736766e-17
    endloop
  endfacet
  facet normal -0.6336364580446008 -0.7720882580684244 0.048831964834101765
    outer loop
      vertex -0.7037018687631913 -0.7037018687631911 0.09801714032956077
      vertex -0.5555702330196022 -0.8314696123025452 6.123233995736766e-17
      vertex -0.5528950104948215 -0.8274658588555459 0.09801714032956077
    endloop
  endfacet
  facet normal -0.47083436428554365 -0.8808691393267611 0.048831964834101856
    outer loop
      vertex -0.5528950104948215 -0.8274658588555459 0.09801714032956077
      vertex -0.5555702330196022 -0.8314696123025452 6.123233995736766e-17
      vertex -0.38268343236509034 -0.9238795325112865 6.123233995736766e-17
    endloop
  endfacet
  facet normal -0.47083436428554387 -0.8808691393267609 0.048831964834101425
    outer loop
      vertex -0.5528950104948215 -0.8274658588555459 0.09801714032956077
      vertex -0.38268343236509034 -0.9238795325112865 6.123233995736766e-17
      vertex -0.38084070704023054 -0.9194308000402817 0.09801714032956077
    endloop
  endfacet
  facet normal -0.28993836995394606 -0.9557987135578756 0.04883196483410146
    outer loop
      vertex -0.38084070704023054 -0.9194308000402817 0.09801714032956077
      vertex -0.38268343236509034 -0.9238795325112865 6.123233995736766e-17
      vertex -0.19509032201612866 -0.9807852804032303 6.123233995736766e-17
    endloop
  endfacet
  facet normal -0.28993836995394584 -0.9557987135578756 0.048831964834101856
    outer loop
      vertex -0.38084070704023054 -0.9194308000402817 0.09801714032956077
      vertex -0.19509032201612866 -0.9807852804032303 6.123233995736766e-17
      vertex -0.19415090879201186 -0.9760625312022027 0.09801714032956077
    endloop
  endfacet
  facet normal -0.09790020666432972 -0.9939974792450545 0.04883196483410184
    outer loop
      vertex -0.19415090879201186 -0.9760625312022027 0.09801714032956077
      vertex -0.19509032201612866 -0.9807852804032303 6.123233995736766e-17
      vertex -1.8369701987210297e-16 -1.0 6.123233995736766e-17
    endloop
  endfacet
  facet normal -0.09790020666432987 -0.9939974792450545 0.048831964834101585
    outer loop
      vertex -0.19415090879201186 -0.9760625312022027 0.09801714032956077
      vertex -1.8369701987210297e-16 -1.0 6.123233995736766e-17
      vertex -1.828124685119159e-16 -0.9951847266721968 0.09801714032956077
    endloop
  endfacet
  facet normal 0.09790020666432915 -0.9939974792450545 0.048831964834101585
    outer loop
      vertex -1.828124685119159e-16 -0.9951847266721968 0.09801714032956077
      vertex -1.8369701987210297e-16 -1.0 6.123233995736766e-17
      vertex 0.1950903220161283 -0.9807852804032304 6.123233995736766e-17
    endloop
  endfacet
  facet normal 0.09790020666432928 -0.9939974792450545 0.04883196483410182
    outer loop
      vertex -1.828124685119159e-16 -0.9951847266721968 0.09801714032956077
      vertex 0.1950903220161283 -0.9807852804032304 6.123233995736766e-17
      vertex 0.1941509087920115 -0.9760625312022028 0.09801714032956077
    endloop
  endfacet
  facet normal 0.289938369953946 -0.9557987135578754 0.04883196483410185
    outer loop
      vertex 0.1941509087920115 -0.9760625312022028 0.09801714032956077
      vertex 0.1950903220161283 -0.9807852804032304 6.123233995736766e-17
      vertex 0.38268343236509 -0.9238795325112866 6.123233995736766e-17
    endloop
  endfacet
  facet normal 0.2899383699539458 -0.9557987135578756 0.04883196483410139
    outer loop
      vertex 0.1941509087920115 -0.9760625312022028 0.09801714032956077
      vertex 0.38268343236509 -0.9238795325112866 6.123233995736766e-17
      vertex 0.3808407070402302 -0.9194308000402818 0.09801714032956077
    endloop
  endfacet
  facet normal 0.4708343642855432 -0.8808691393267615 0.04883196483410147
    outer loop
      vertex 0.3808407070402302 -0.9194308000402818 0.09801714032956077
      vertex 0.38268343236509 -0.9238795325112866 6.123233995736766e-17
      vertex 0.5555702330196018 -0.8314696123025455 6.123233995736766e-17
    endloop
  endfacet
  facet normal 0.4708343642855435 -0.8808691393267613 0.0488319648341019
    outer loop
      vertex 0.3808407070402302 -0.9194308000402818 0.09801714032956077
      vertex 0.5555702330196018 -0.8314696123025455 6.123233995736766e-17
      vertex 0.5528950104948211 -0.8274658588555461 0.09801714032956077
    endloop
  endfacet
  facet normal 0.6336364580446007 -0.7720882580684244 0.048831964834101835
    outer loop
      vertex 0.5528950104948211 -0.8274658588555461 0.09801714032956077
      vertex 0.5555702330196018 -0.8314696123025455 6.123233995736766e-17
      vertex 0.7071067811865474 -0.7071067811865477 6.123233995736766e-17
    endloop
  endfacet
  facet normal 0.6336364580446008 -0.7720882580684244 0.04883196483410231
    outer loop
      vertex 0.5528950104948211 -0.8274658588555461 0.09801714032956077
      vertex 0.7071067811865474 -0.7071067811865477 6.123233995736766e-17
      vertex 0.703701868763191 -0.7037018687631913 0.09801714032956077
    endloop
  endfacet
  facet normal 0.7720882580684243 -0.633636458044601 0.048831964834102216
    outer loop
      vertex 0.703701868763191 -0.7037018687631913 0.09801714032956077
      vertex 0.7071067811865474 -0.7071067811865477 6.123233995736766e-17
      vertex 0.8314696123025452 -0.5555702330196022 6.123233995736766e-17
    endloop
  endfacet
  facet normal 0.7720882580684241 -0.6336364580446011 0.048831964834101925
    outer loop
      vertex 0.703701868763191 -0.7037018687631913 0.09801714032956077
      vertex 0.8314696123025452 -0.5555702330196022 6.123233995736766e-17
      vertex 0.8274658588555459 -0.5528950104948215 0.09801714032956077
    endloop
  endfacet
  facet normal 0.8808691393267613 -0.4708343642855439 0.04883196483410187
    outer loop
      vertex 0.8274658588555459 -0.5528950104948215 0.09801714032956077
      vertex 0.8314696123025452 -0.5555702330196022 6.123233995736766e-17
      vertex 0.9238795325112865 -0.3826834323650904 6.123233995736766e-17
    endloop
  endfacet
  facet normal 0.8808691393267611 -0.47083436428554404 0.04883196483410144
    outer loop
      vertex 0.8274658588555459 -0.5528950104948215 0.09801714032956077
      vertex 0.9238795325112865 -0.3826834323650904 6.123233995736766e-17
      vertex 0.9194308000402817 -0.3808407070402306 0.09801714032956077
    endloop
  endfacet
  facet normal 0.9557987135578756 -0.28993836995394606 0.04883196483410146
    outer loop
      vertex 0.9194308000402817 -0.3808407070402306 0.09801714032956077
      vertex 0.9238795325112865 -0.3826834323650904 6.123233995736766e-17
      vertex 0.9807852804032303 -0.19509032201612872 6.123233995736766e-17
    endloop
  endfacet
  facet normal 0.9557987135578756 -0.28993836995394584 0.048831964834101856
    outer loop
      vertex 0.9194308000402817 -0.3808407070402306 0.09801714032956077
      vertex 0.9807852804032303 -0.19509032201612872 6.123233995736766e-17
      vertex 0.9760625312022027 -0.1941509087920119 0.09801714032956077
    endloop
  endfacet
  facet normal 0.9939974792450545 -0.09790020666432972 0.04883196483410184
    outer loop
      vertex 0.9760625312022027 -0.1941509087920119 0.09801714032956077
      vertex 0.9807852804032303 -0.19509032201612872 6.123233995736766e-17
      vertex 1.0 -2.4492935982947064e-16 6.123233995736766e-17
    endloop
  endfacet
  facet normal 0.9939974792450545 -0.09790020666432987 0.048831964834101585
    outer loop
      vertex 0.9760625312022027 -0.1941509087920119 0.09801714032956077
      vertex 1.0 -2.4492935982947064e-16 6.123233995736766e-17
      vertex 0.9951847266721968 -2.437499580158879e-16 0.09801714032956077
    endloop
  endfacet
  facet normal 6.123233995736766e-17 6.0308590932440924e-18 -1.0
    outer loop
      vertex 0.0 0.0 0.0
      vertex 0.9807852804032304 0.19509032201612825 6.123233995736766e-17
      vertex 1.0 0.0 6.123233995736766e-17
    endloop
  endfacet
  facet normal 5.88792154722979e-17 1.7860814746923724e-17 -1.0
    outer loop
      vertex 0.0 0.0 0.0
      vertex 0.9238795325112867 0.3826834323650898 6.123233995736766e-17
      vertex 0.9807852804032304 0.19509032201612825 6.123233995736766e-17
    endloop
  endfacet
  facet normal 5.426339575647215e-17 2.900438930633927e-17 -1.0
    outer loop
      vertex 0.0 0.0 0.0
      vertex 0.8314696123025452 0.5555702330196022 6.123233995736766e-17
      vertex 0.9238795325112867 0.3826834323650898 6.123233995736766e-17
    endloop
  endfacet
  facet normal 4.756226417298811e-17 3.903334145056119e-17 -1.0
    outer loop
      vertex 0.0 0.0 0.0
      vertex 0.7071067811865476 0.7071067811865475 6.123233995736766e-17
      vertex 0.8314696123025452 0.5555702330196022 6.123233995736766e-17
    endloop
  endfacet
  facet normal 3.9033341450561247e-17 4.756226417298813e-17 -1.0
    outer loop
      vertex 0.0 0.0 0.0
      vertex 0.5555702330196023 0.8314696123025452 6.123233995736766e-17
      vertex 0.7071067811865476 0.7071067811865475 6.123233995736766e-17
    endloop
  endfacet
  facet normal 2.900438930633926e-17 5.426339575647215e-17 -1.0
    outer loop
      vertex 0.0 0.0 0.0
      vertex 0.38268343236508984 0.9238795325112867 6.123233995736766e-17
      vertex 0.5555702330196023 0.8314696123025452 6.123233995736766e-17
    endloop
  endfacet
  facet normal 1.7860814746923724e-17 5.887921547229789e-17 -1.0
    outer loop
      vertex 0.0 0.0 0.0
      vertex 0.19509032201612833 0.9807852804032304 6.123233995736766e-17
      vertex 0.38268343236508984 0.9238795325112867 6.123233995736766e-17
    endloop
  endfacet
  facet normal 6.030859093244091e-18 6.123233995736766e-17 -1.0
    outer loop
      vertex 0.0 0.0 0.0
      vertex 6.123233995736766e-17 1.0 6.123233995736766e-17
      vertex 0.19509032201612833 0.9807852804032304 6.123233995736766e-17
    endloop
  endfacet
  facet normal -6.0308590932440924e-18 6.123233995736766e-17 -1.0
    outer loop
      vertex 0.0 0.0 0.0
      vertex -0.1950903220161282 0.9807852804032304 6.123233995736766e-17
      vertex 6.123233995736766e-17 1.0 6.123233995736766e-17
    endloop
  endfacet
  facet normal -1.7860814746923724e-17 5.887921547229789e-17 -1.0
    outer loop
      vertex 0.0 0.0 0.0
      vertex -0.3826834323650897 0.9238795325112867 6.123233995736766e-17
      vertex -0.1950903220161282 0.9807852804032304 6.123233995736766e-17
    endloop
  endfacet
  facet normal -2.900438930633923e-17 5.426339575647216e-17 -1.0
    outer loop
      vertex 0.0 0.0 0.0
      vertex -0.555570233019602 0.8314696123025455 6.123233995736766e-17
      vertex -0.3826834323650897 0.9238795325112867 6.123233995736766e-17
    endloop
  endfacet
  facet normal -3.903334145056121e-17 4.756226417298812e-17 -1.0
    outer loop
      vertex 0.0 0.0 0.0
      vertex -0.7071067811865475 0.7071067811865476 6.123233995736766e-17
      vertex -0.555570233019602 0.8314696123025455 6.123233995736766e-17
    endloop
  endfacet
  facet normal -4.756226417298813e-17 3.903334145056125e-17 -1.0
    outer loop
      vertex 0.0 0.0 0.0
      vertex -0.8314696123025453 0.5555702330196022 6.123233995736766e-17
      vertex -0.7071067811865475 0.7071067811865476 6.123233995736766e-17
    endloop
  endfacet
  facet normal -5.426339575647216e-17 2.900438930633926e-17 -1.0
    outer loop
      vertex 0.0 0.0 0.0
      vertex -0.9238795325112867 0.3826834323650899 6.123233995736766e-17
      vertex -0.8314696123025453 0.5555702330196022 6.123233995736766e-17
    endloop
  endfacet
  facet normal -5.887921547229789e-17 1.7860814746923746e-17 -1.0
    outer loop
      vertex 0.0 0.0 0.0
      vertex -0.9807852804032304 0.1950903220161286 6.123233995736766e-17
      vertex -0.9238795325112867 0.3826834323650899 6.123233995736766e-17
    endloop
  endfacet
  facet normal -6.123233995736765e-17 6.030859093244084e-18 -1.0
    outer loop
      vertex 0.0 0.0 0.0
      vertex -1.0 1.2246467991473532e-16 6.123233995736766e-17
      vertex -0.9807852804032304 0.1950903220161286 6.123233995736766e-17
    endloop
  endfacet
  facet normal -6.123233995736767e-17 -6.0308590932440855e-18 -1.0
    outer loop
      vertex 0.0 0.0 0.0
      vertex -0.9807852804032304 -0.19509032201612836 6.123233995736766e-17
      vertex -1.0 1.2246467991473532e-16 6.123233995736766e-17
    endloop
  endfacet
  facet normal -5.887921547229788e-17 -1.786081474692368e-17 -1.0
    outer loop
      vertex 0.0 0.0 0.0
      vertex -0.9238795325112868 -0.38268343236508967 6.123233995736766e-17
      vertex -0.9807852804032304 -0.19509032201612836 6.123233995736766e-17
    endloop
  endfacet
  facet normal -5.426339575647216e-17 -2.9004389306339286e-17 -1.0
    outer loop
      vertex 0.0 0.0 0.0
      vertex -0.8314696123025455 -0.555570233019602 6.123233995736766e-17
      vertex -0.9238795325112868 -0.38268343236508967 6.123233995736766e-17
    endloop
  endfacet
  facet normal -4.756226417298813e-17 -3.903334145056119e-17 -1.0
    outer loop
      vertex 0.0 0.0 0.0
      vertex -0.7071067811865477 -0.7071067811865475 6.123233995736766e-17
      vertex -0.8314696123025455 -0.555570233019602 6.123233995736766e-17
    endloop
  endfacet
  facet normal -3.90333414505612e-17 -4.756226417298814e-17 -1.0
    outer loop
      vertex 0.0 0.0 0.0
      vertex -0.5555702330196022 -0.8314696123025452 6.123233995736766e-17
      vertex -0.7071067811865477 -0.7071067811865475 6.123233995736766e-17
    endloop
  endfacet
  facet normal -2.90043893063393e-17 -5.426339575647214e-17 -1.0
    outer loop
      vertex 0.0 0.0 0.0
      vertex -0.38268343236509034 -0.9238795325112865 6.123233995736766e-17
      vertex -0.5555702330196022 -0.8314696123025452 6.123233995736766e-17
    endloop
  endfacet
  facet normal -1.786081474692371e-17 -5.887921547229789e-17 -1.0
    outer loop
      vertex 0.0 0.0 0.0
      vertex -0.19509032201612866 -0.9807852804032303 6.123233995736766e-17
      vertex -0.38268343236509034 -0.9238795325112865 6.123233995736766e-17
    endloop
  endfacet
  facet normal -6.030859093244148e-18 -6.123233995736766e-17 -1.0
    outer loop
      vertex 0.0 0.0 0.0
      vertex -1.8369701987210297e-16 -1.0 6.123233995736766e-17
      vertex -0.19509032201612866 -0.9807852804032303 6.123233995736766e-17
    endloop
  endfacet
  facet normal 6.0308590932440855e-18 -6.123233995736766e-17 -1.0
    outer loop
      vertex 0.0 0.0 0.0
      vertex 0.1950903220161283 -0.9807852804032304 6.123233995736766e-17
      vertex -1.8369701987210297e-16 -1.0 6.123233995736766e-17
    endloop
  endfacet
  facet normal 1.786081474692371e-17 -5.887921547229789e-17 -1.0
    outer loop
      vertex 0.0 0.0 0.0
      vertex 0.38268343236509 -0.9238795325112866 6.123233995736766e-17
      vertex 0.1950903220161283 -0.9807852804032304 6.123233995736766e-17
    endloop
  endfacet
  facet normal 2.90043893063393e-17 -5.4263395756472154e-17 -1.0
    outer loop
      vertex 0.0 0.0 0.0
      vertex 0.5555702330196018 -0.8314696123025455 6.123233995736766e-17
      vertex 0.38268343236509 -0.9238795325112866 6.123233995736766e-17
    endloop
  endfacet
  facet normal 3.9033341450561166e-17 -4.7562264172988107e-17 -1.0
    outer loop
      vertex 0.0 0.0 0.0
      vertex 0.7071067811865474 -0.7071067811865477 6.123233995736766e-17
      vertex 0.5555702330196018 -0.8314696123025455 6.123233995736766e-17
    endloop
  endfacet
  facet normal 4.7562264172988125e-17 -3.903334145056122e-17 -1.0
    outer loop
      vertex 0.0 0.0 0.0
      vertex 0.8314696123025452 -0.5555702330196022 6.123233995736766e-17
      vertex 0.7071067811865474 -0.7071067811865477 6.123233995736766e-17
    endloop
  endfacet
  facet normal 5.426339575647214e-17 -2.9004389306339305e-17 -1.0
    outer loop
      vertex 0.0 0.0 0.0
      vertex 0.9238795325112865 -0.3826834323650904 6.123233995736766e-17
      vertex 0.8314696123025452 -0.5555702330196022 6.123233995736766e-17
    endloop
  endfacet
  facet normal 5.887921547229789e-17 -1.786081474692371e-17 -1.0
    outer loop
      vertex 0.0 0.0 0.0
      vertex 0.9807852804032303 -0.19509032201612872 6.123233995736766e-17
      vertex 0.9238795325112865 -0.3826834323650904 6.123233995736766e-17
    endloop
  endfacet
  facet normal 6.123233995736766e-17 -6.030859093244149e-18 -1.0
    outer loop
      vertex 0.0 0.0 0.0
      vertex 1.0 -2.4492935982947064e-16 6.123233995736766e-17
      vertex 0.9807852804032303 -0.19509032201612872 6.123233995736766e-17
    endloop
  endfacet
endsolid hemisphere
